[2026-02-26T21:48:39.298+0000] {manager.py:470} INFO - Processing files using up to 2 processes at a time 
[2026-02-26T21:48:39.299+0000] {manager.py:471} INFO - Process each file at most once every 30 seconds
[2026-02-26T21:48:39.300+0000] {manager.py:472} INFO - Checking for new files in /opt/airflow/dags every 300 seconds
[2026-02-26T21:48:39.308+0000] {manager.py:737} INFO - Searching for files in /opt/airflow/dags
[2026-02-26T21:48:39.319+0000] {manager.py:740} INFO - There are 0 files in /opt/airflow/dags
[2026-02-26T21:53:39.810+0000] {manager.py:737} INFO - Searching for files in /opt/airflow/dags
[2026-02-26T21:53:40.201+0000] {manager.py:740} INFO - There are 0 files in /opt/airflow/dags
[2026-02-26T21:59:48.828+0000] {manager.py:737} INFO - Searching for files in /opt/airflow/dags
[2026-02-26T21:59:49.484+0000] {manager.py:740} INFO - There are 0 files in /opt/airflow/dags
[2026-02-26T22:29:46.031+0000] {manager.py:737} INFO - Searching for files in /opt/airflow/dags
[2026-02-26T22:29:51.440+0000] {manager.py:740} INFO - There are 1 files in /opt/airflow/dags
[2026-02-26T22:29:23.255+0000] {manager.py:749} ERROR - Error removing old import errors
Traceback (most recent call last):
  File "/home/airflow/.local/lib/python3.12/site-packages/sqlalchemy/engine/base.py", line 3371, in _wrap_pool_connect
    return fn()
           ^^^^
  File "/home/airflow/.local/lib/python3.12/site-packages/sqlalchemy/pool/base.py", line 327, in connect
    return _ConnectionFairy._checkout(self)
           ^^^^^^^^^^^^^^^^^^^^^^^^^^^^^^^^
  File "/home/airflow/.local/lib/python3.12/site-packages/sqlalchemy/pool/base.py", line 894, in _checkout
    fairy = _ConnectionRecord.checkout(pool)
            ^^^^^^^^^^^^^^^^^^^^^^^^^^^^^^^^
  File "/home/airflow/.local/lib/python3.12/site-packages/sqlalchemy/pool/base.py", line 497, in checkout
    with util.safe_reraise():
  File "/home/airflow/.local/lib/python3.12/site-packages/sqlalchemy/util/langhelpers.py", line 70, in __exit__
    compat.raise_(
  File "/home/airflow/.local/lib/python3.12/site-packages/sqlalchemy/util/compat.py", line 211, in raise_
    raise exception
  File "/home/airflow/.local/lib/python3.12/site-packages/sqlalchemy/pool/base.py", line 495, in checkout
    dbapi_connection = rec.get_connection()
                       ^^^^^^^^^^^^^^^^^^^^
  File "/home/airflow/.local/lib/python3.12/site-packages/sqlalchemy/pool/base.py", line 659, in get_connection
    self.__connect()
  File "/home/airflow/.local/lib/python3.12/site-packages/sqlalchemy/pool/base.py", line 690, in __connect
    with util.safe_reraise():
  File "/home/airflow/.local/lib/python3.12/site-packages/sqlalchemy/util/langhelpers.py", line 70, in __exit__
    compat.raise_(
  File "/home/airflow/.local/lib/python3.12/site-packages/sqlalchemy/util/compat.py", line 211, in raise_
    raise exception
  File "/home/airflow/.local/lib/python3.12/site-packages/sqlalchemy/pool/base.py", line 686, in __connect
    self.dbapi_connection = connection = pool._invoke_creator(self)
                                         ^^^^^^^^^^^^^^^^^^^^^^^^^^
  File "/home/airflow/.local/lib/python3.12/site-packages/sqlalchemy/engine/create.py", line 574, in connect
    return dialect.connect(*cargs, **cparams)
           ^^^^^^^^^^^^^^^^^^^^^^^^^^^^^^^^^^
  File "/home/airflow/.local/lib/python3.12/site-packages/sqlalchemy/engine/default.py", line 598, in connect
    return self.dbapi.connect(*cargs, **cparams)
           ^^^^^^^^^^^^^^^^^^^^^^^^^^^^^^^^^^^^^
  File "/home/airflow/.local/lib/python3.12/site-packages/psycopg2/__init__.py", line 122, in connect
    conn = _connect(dsn, connection_factory=connection_factory, **kwasync)
           ^^^^^^^^^^^^^^^^^^^^^^^^^^^^^^^^^^^^^^^^^^^^^^^^^^^^^^^^^^^^^^^
psycopg2.OperationalError: could not translate host name "postgres" to address: Temporary failure in name resolution


The above exception was the direct cause of the following exception:

Traceback (most recent call last):
  File "/home/airflow/.local/lib/python3.12/site-packages/airflow/dag_processing/manager.py", line 745, in _refresh_dag_dir
    DagFileProcessorManager.clear_nonexistent_import_errors(
  File "/home/airflow/.local/lib/python3.12/site-packages/airflow/api_internal/internal_api_call.py", line 115, in wrapper
    return func(*args, **kwargs)
           ^^^^^^^^^^^^^^^^^^^^^
  File "/home/airflow/.local/lib/python3.12/site-packages/airflow/utils/session.py", line 79, in wrapper
    return func(*args, session=session, **kwargs)
           ^^^^^^^^^^^^^^^^^^^^^^^^^^^^^^^^^^^^^^
  File "/home/airflow/.local/lib/python3.12/site-packages/airflow/dag_processing/manager.py", line 814, in clear_nonexistent_import_errors
    session.execute(query.execution_options(synchronize_session="fetch"))
  File "/home/airflow/.local/lib/python3.12/site-packages/sqlalchemy/orm/session.py", line 1716, in execute
    conn = self._connection_for_bind(bind)
           ^^^^^^^^^^^^^^^^^^^^^^^^^^^^^^^
  File "/home/airflow/.local/lib/python3.12/site-packages/sqlalchemy/orm/session.py", line 1555, in _connection_for_bind
    return self._transaction._connection_for_bind(
           ^^^^^^^^^^^^^^^^^^^^^^^^^^^^^^^^^^^^^^^
  File "/home/airflow/.local/lib/python3.12/site-packages/sqlalchemy/orm/session.py", line 750, in _connection_for_bind
    conn = bind.connect()
           ^^^^^^^^^^^^^^
  File "/home/airflow/.local/lib/python3.12/site-packages/sqlalchemy/future/engine.py", line 412, in connect
    return super(Engine, self).connect()
           ^^^^^^^^^^^^^^^^^^^^^^^^^^^^^
  File "/home/airflow/.local/lib/python3.12/site-packages/sqlalchemy/engine/base.py", line 3325, in connect
    return self._connection_cls(self, close_with_result=close_with_result)
           ^^^^^^^^^^^^^^^^^^^^^^^^^^^^^^^^^^^^^^^^^^^^^^^^^^^^^^^^^^^^^^^
  File "/home/airflow/.local/lib/python3.12/site-packages/sqlalchemy/engine/base.py", line 96, in __init__
    else engine.raw_connection()
         ^^^^^^^^^^^^^^^^^^^^^^^
  File "/home/airflow/.local/lib/python3.12/site-packages/sqlalchemy/engine/base.py", line 3404, in raw_connection
    return self._wrap_pool_connect(self.pool.connect, _connection)
           ^^^^^^^^^^^^^^^^^^^^^^^^^^^^^^^^^^^^^^^^^^^^^^^^^^^^^^^
  File "/home/airflow/.local/lib/python3.12/site-packages/sqlalchemy/engine/base.py", line 3374, in _wrap_pool_connect
    Connection._handle_dbapi_exception_noconnection(
  File "/home/airflow/.local/lib/python3.12/site-packages/sqlalchemy/engine/base.py", line 2208, in _handle_dbapi_exception_noconnection
    util.raise_(
  File "/home/airflow/.local/lib/python3.12/site-packages/sqlalchemy/util/compat.py", line 211, in raise_
    raise exception
  File "/home/airflow/.local/lib/python3.12/site-packages/sqlalchemy/engine/base.py", line 3371, in _wrap_pool_connect
    return fn()
           ^^^^
  File "/home/airflow/.local/lib/python3.12/site-packages/sqlalchemy/pool/base.py", line 327, in connect
    return _ConnectionFairy._checkout(self)
           ^^^^^^^^^^^^^^^^^^^^^^^^^^^^^^^^
  File "/home/airflow/.local/lib/python3.12/site-packages/sqlalchemy/pool/base.py", line 894, in _checkout
    fairy = _ConnectionRecord.checkout(pool)
            ^^^^^^^^^^^^^^^^^^^^^^^^^^^^^^^^
  File "/home/airflow/.local/lib/python3.12/site-packages/sqlalchemy/pool/base.py", line 497, in checkout
    with util.safe_reraise():
  File "/home/airflow/.local/lib/python3.12/site-packages/sqlalchemy/util/langhelpers.py", line 70, in __exit__
    compat.raise_(
  File "/home/airflow/.local/lib/python3.12/site-packages/sqlalchemy/util/compat.py", line 211, in raise_
    raise exception
  File "/home/airflow/.local/lib/python3.12/site-packages/sqlalchemy/pool/base.py", line 495, in checkout
    dbapi_connection = rec.get_connection()
                       ^^^^^^^^^^^^^^^^^^^^
  File "/home/airflow/.local/lib/python3.12/site-packages/sqlalchemy/pool/base.py", line 659, in get_connection
    self.__connect()
  File "/home/airflow/.local/lib/python3.12/site-packages/sqlalchemy/pool/base.py", line 690, in __connect
    with util.safe_reraise():
  File "/home/airflow/.local/lib/python3.12/site-packages/sqlalchemy/util/langhelpers.py", line 70, in __exit__
    compat.raise_(
  File "/home/airflow/.local/lib/python3.12/site-packages/sqlalchemy/util/compat.py", line 211, in raise_
    raise exception
  File "/home/airflow/.local/lib/python3.12/site-packages/sqlalchemy/pool/base.py", line 686, in __connect
    self.dbapi_connection = connection = pool._invoke_creator(self)
                                         ^^^^^^^^^^^^^^^^^^^^^^^^^^
  File "/home/airflow/.local/lib/python3.12/site-packages/sqlalchemy/engine/create.py", line 574, in connect
    return dialect.connect(*cargs, **cparams)
           ^^^^^^^^^^^^^^^^^^^^^^^^^^^^^^^^^^
  File "/home/airflow/.local/lib/python3.12/site-packages/sqlalchemy/engine/default.py", line 598, in connect
    return self.dbapi.connect(*cargs, **cparams)
           ^^^^^^^^^^^^^^^^^^^^^^^^^^^^^^^^^^^^^
  File "/home/airflow/.local/lib/python3.12/site-packages/psycopg2/__init__.py", line 122, in connect
    conn = _connect(dsn, connection_factory=connection_factory, **kwasync)
           ^^^^^^^^^^^^^^^^^^^^^^^^^^^^^^^^^^^^^^^^^^^^^^^^^^^^^^^^^^^^^^^
sqlalchemy.exc.OperationalError: (psycopg2.OperationalError) could not translate host name "postgres" to address: Temporary failure in name resolution

(Background on this error at: https://sqlalche.me/e/14/e3q8)
[2026-02-26T22:29:36.741+0000] {manager.py:878} INFO - 
================================================================================
DAG File Processing Stats

File Path                               PID  Runtime      # DAGs    # Errors  Last Runtime    Last Run
------------------------------------  -----  ---------  --------  ----------  --------------  ----------
/opt/airflow/dags/dag_film_digest.py    157  0.27s             0           0
================================================================================
[2026-02-26T22:30:06.825+0000] {manager.py:878} INFO - 
================================================================================
DAG File Processing Stats

File Path                             PID    Runtime      # DAGs    # Errors  Last Runtime    Last Run
------------------------------------  -----  ---------  --------  ----------  --------------  -------------------
/opt/airflow/dags/dag_film_digest.py                           0           1  3.50s           2026-02-26T22:29:39
================================================================================
[2026-02-26T22:30:36.481+0000] {manager.py:878} INFO - 
================================================================================
DAG File Processing Stats

File Path                             PID    Runtime      # DAGs    # Errors  Last Runtime    Last Run
------------------------------------  -----  ---------  --------  ----------  --------------  -------------------
/opt/airflow/dags/dag_film_digest.py                           0           1  0.91s           2026-02-26T22:30:11
================================================================================
[2026-02-26T22:31:06.377+0000] {manager.py:878} INFO - 
================================================================================
DAG File Processing Stats

File Path                             PID    Runtime      # DAGs    # Errors  Last Runtime    Last Run
------------------------------------  -----  ---------  --------  ----------  --------------  -------------------
/opt/airflow/dags/dag_film_digest.py                           0           1  1.42s           2026-02-26T22:30:43
================================================================================
[2026-02-26T22:31:36.482+0000] {manager.py:878} INFO - 
================================================================================
DAG File Processing Stats

File Path                             PID    Runtime      # DAGs    # Errors  Last Runtime    Last Run
------------------------------------  -----  ---------  --------  ----------  --------------  -------------------
/opt/airflow/dags/dag_film_digest.py                           0           1  7.23s           2026-02-26T22:31:20
================================================================================
[2026-02-26T22:32:06.993+0000] {manager.py:878} INFO - 
================================================================================
DAG File Processing Stats

File Path                               PID  Runtime      # DAGs    # Errors  Last Runtime    Last Run
------------------------------------  -----  ---------  --------  ----------  --------------  -------------------
/opt/airflow/dags/dag_film_digest.py    177  15.23s            0           1  7.23s           2026-02-26T22:31:20
================================================================================
[2026-02-26T22:32:07.861+0000] {manager.py:1016} ERROR - Processor for /opt/airflow/dags/dag_film_digest.py exited with return code 1.
[2026-02-26T22:32:36.602+0000] {manager.py:878} INFO - 
================================================================================
DAG File Processing Stats

File Path                             PID    Runtime      # DAGs    # Errors  Last Runtime    Last Run
------------------------------------  -----  ---------  --------  ----------  --------------  -------------------
/opt/airflow/dags/dag_film_digest.py                           0          -1  16.25s          2026-02-26T22:32:07
================================================================================
[2026-02-26T22:33:06.160+0000] {manager.py:878} INFO - 
================================================================================
DAG File Processing Stats

File Path                             PID    Runtime      # DAGs    # Errors  Last Runtime    Last Run
------------------------------------  -----  ---------  --------  ----------  --------------  -------------------
/opt/airflow/dags/dag_film_digest.py                           0           1  1.32s           2026-02-26T22:32:40
================================================================================
[2026-02-26T22:33:29.978+0000] {manager.py:1016} ERROR - Processor for /opt/airflow/dags/dag_film_digest.py exited with return code 1.
[2026-02-26T22:33:35.673+0000] {manager.py:878} INFO - 
================================================================================
DAG File Processing Stats

File Path                             PID    Runtime      # DAGs    # Errors  Last Runtime    Last Run
------------------------------------  -----  ---------  --------  ----------  --------------  -------------------
/opt/airflow/dags/dag_film_digest.py                           0          -1  19.23s          2026-02-26T22:33:29
================================================================================
[2026-02-26T22:34:05.742+0000] {manager.py:878} INFO - 
================================================================================
DAG File Processing Stats

File Path                               PID  Runtime      # DAGs    # Errors  Last Runtime    Last Run
------------------------------------  -----  ---------  --------  ----------  --------------  -------------------
/opt/airflow/dags/dag_film_digest.py    192  4.71s             0          -1  19.23s          2026-02-26T22:33:29
================================================================================
[2026-02-26T22:34:40.822+0000] {manager.py:878} INFO - 
================================================================================
DAG File Processing Stats

File Path                               PID  Runtime      # DAGs    # Errors  Last Runtime    Last Run
------------------------------------  -----  ---------  --------  ----------  --------------  -------------------
/opt/airflow/dags/dag_film_digest.py    192  38.90s            0          -1  19.23s          2026-02-26T22:33:29
================================================================================
[2026-02-26T22:35:27.061+0000] {manager.py:737} INFO - Searching for files in /opt/airflow/dags
[2026-02-26T22:35:53.058+0000] {manager.py:740} INFO - There are 0 files in /opt/airflow/dags
[2026-02-26T22:35:59.575+0000] {manager.py:990} WARNING - Stopping processor for /opt/airflow/dags/dag_film_digest.py
[2026-02-26T22:36:14.359+0000] {manager.py:470} INFO - Processing files using up to 2 processes at a time 
[2026-02-26T22:36:14.372+0000] {manager.py:471} INFO - Process each file at most once every 30 seconds
[2026-02-26T22:36:14.373+0000] {manager.py:472} INFO - Checking for new files in /opt/airflow/dags every 300 seconds
[2026-02-26T22:36:14.384+0000] {manager.py:737} INFO - Searching for files in /opt/airflow/dags
[2026-02-26T22:36:14.421+0000] {manager.py:740} INFO - There are 1 files in /opt/airflow/dags
[2026-02-26T22:36:16.534+0000] {manager.py:878} INFO - 
================================================================================
DAG File Processing Stats

File Path                               PID  Runtime      # DAGs    # Errors  Last Runtime    Last Run
------------------------------------  -----  ---------  --------  ----------  --------------  ----------
/opt/airflow/dags/dag_film_digest.py    202  0.46s             0           0
================================================================================
[2026-02-26T22:36:46.589+0000] {manager.py:878} INFO - 
================================================================================
DAG File Processing Stats

File Path                             PID    Runtime      # DAGs    # Errors  Last Runtime    Last Run
------------------------------------  -----  ---------  --------  ----------  --------------  -------------------
/opt/airflow/dags/dag_film_digest.py                           0           1  1.36s           2026-02-26T22:36:17
================================================================================
[2026-02-26T22:37:16.580+0000] {manager.py:878} INFO - 
================================================================================
DAG File Processing Stats

File Path                             PID    Runtime      # DAGs    # Errors  Last Runtime    Last Run
------------------------------------  -----  ---------  --------  ----------  --------------  -------------------
/opt/airflow/dags/dag_film_digest.py                           0           1  0.35s           2026-02-26T22:36:47
================================================================================
[2026-02-26T22:37:46.634+0000] {manager.py:878} INFO - 
================================================================================
DAG File Processing Stats

File Path                             PID    Runtime      # DAGs    # Errors  Last Runtime    Last Run
------------------------------------  -----  ---------  --------  ----------  --------------  -------------------
/opt/airflow/dags/dag_film_digest.py                           0           1  0.43s           2026-02-26T22:37:19
================================================================================
[2026-02-26T22:38:16.486+0000] {manager.py:878} INFO - 
================================================================================
DAG File Processing Stats

File Path                             PID    Runtime      # DAGs    # Errors  Last Runtime    Last Run
------------------------------------  -----  ---------  --------  ----------  --------------  -------------------
/opt/airflow/dags/dag_film_digest.py                           0           1  0.46s           2026-02-26T22:37:50
================================================================================
[2026-02-26T22:39:11.028+0000] {manager.py:878} INFO - 
================================================================================
DAG File Processing Stats

File Path                               PID  Runtime      # DAGs    # Errors  Last Runtime    Last Run
------------------------------------  -----  ---------  --------  ----------  --------------  -------------------
/opt/airflow/dags/dag_film_digest.py    227  1.65s             0           1  1.42s           2026-02-26T22:38:22
================================================================================
[2026-02-26T22:42:36.399+0000] {manager.py:737} INFO - Searching for files in /opt/airflow/dags
[2026-02-26T22:42:36.688+0000] {manager.py:740} INFO - There are 1 files in /opt/airflow/dags
[2026-02-26T22:42:37.432+0000] {manager.py:1203} ERROR - Processor for /opt/airflow/dags/dag_film_digest.py with PID 227 started at 2026-02-26T22:38:59.041956+00:00 has timed out, killing it.
[2026-02-26T22:42:37.754+0000] {manager.py:878} INFO - 
================================================================================
DAG File Processing Stats

File Path                             PID    Runtime      # DAGs    # Errors  Last Runtime    Last Run
------------------------------------  -----  ---------  --------  ----------  --------------  -------------------
/opt/airflow/dags/dag_film_digest.py                           0           1  218.36s         2026-02-26T22:42:37
================================================================================
[2026-02-26T22:43:07.639+0000] {manager.py:878} INFO - 
================================================================================
DAG File Processing Stats

File Path                               PID  Runtime      # DAGs    # Errors  Last Runtime    Last Run
------------------------------------  -----  ---------  --------  ----------  --------------  -------------------
/opt/airflow/dags/dag_film_digest.py    230  0.02s             0           1  218.36s         2026-02-26T22:42:37
================================================================================
[2026-02-26T22:43:38.251+0000] {manager.py:878} INFO - 
================================================================================
DAG File Processing Stats

File Path                             PID    Runtime      # DAGs    # Errors  Last Runtime    Last Run
------------------------------------  -----  ---------  --------  ----------  --------------  -------------------
/opt/airflow/dags/dag_film_digest.py                           0           1  1.25s           2026-02-26T22:43:08
================================================================================
[2026-02-26T22:44:08.488+0000] {manager.py:878} INFO - 
================================================================================
DAG File Processing Stats

File Path                             PID    Runtime      # DAGs    # Errors  Last Runtime    Last Run
------------------------------------  -----  ---------  --------  ----------  --------------  -------------------
/opt/airflow/dags/dag_film_digest.py                           0           1  0.93s           2026-02-26T22:43:40
================================================================================
[2026-02-26T22:44:38.417+0000] {manager.py:878} INFO - 
================================================================================
DAG File Processing Stats

File Path                             PID    Runtime      # DAGs    # Errors  Last Runtime    Last Run
------------------------------------  -----  ---------  --------  ----------  --------------  -------------------
/opt/airflow/dags/dag_film_digest.py                           0           1  2.36s           2026-02-26T22:44:13
================================================================================
[2026-02-26T22:45:08.830+0000] {manager.py:878} INFO - 
================================================================================
DAG File Processing Stats

File Path                             PID    Runtime      # DAGs    # Errors  Last Runtime    Last Run
------------------------------------  -----  ---------  --------  ----------  --------------  -------------------
/opt/airflow/dags/dag_film_digest.py                           0           1  1.40s           2026-02-26T22:44:45
================================================================================
[2026-02-26T22:45:38.275+0000] {manager.py:878} INFO - 
================================================================================
DAG File Processing Stats

File Path                             PID    Runtime      # DAGs    # Errors  Last Runtime    Last Run
------------------------------------  -----  ---------  --------  ----------  --------------  -------------------
/opt/airflow/dags/dag_film_digest.py                           0           1  0.14s           2026-02-26T22:45:16
================================================================================
[2026-02-26T22:46:07.642+0000] {manager.py:878} INFO - 
================================================================================
DAG File Processing Stats

File Path                             PID    Runtime      # DAGs    # Errors  Last Runtime    Last Run
------------------------------------  -----  ---------  --------  ----------  --------------  -------------------
/opt/airflow/dags/dag_film_digest.py                           0           1  0.06s           2026-02-26T22:45:46
================================================================================
[2026-02-26T22:46:37.087+0000] {manager.py:878} INFO - 
================================================================================
DAG File Processing Stats

File Path                             PID    Runtime      # DAGs    # Errors  Last Runtime    Last Run
------------------------------------  -----  ---------  --------  ----------  --------------  -------------------
/opt/airflow/dags/dag_film_digest.py                           0           1  0.10s           2026-02-26T22:46:16
================================================================================
[2026-02-26T22:47:06.176+0000] {manager.py:878} INFO - 
================================================================================
DAG File Processing Stats

File Path                             PID    Runtime      # DAGs    # Errors  Last Runtime    Last Run
------------------------------------  -----  ---------  --------  ----------  --------------  -------------------
/opt/airflow/dags/dag_film_digest.py                           0           1  0.07s           2026-02-26T22:46:46
================================================================================
[2026-02-26T22:47:36.003+0000] {manager.py:878} INFO - 
================================================================================
DAG File Processing Stats

File Path                             PID    Runtime      # DAGs    # Errors  Last Runtime    Last Run
------------------------------------  -----  ---------  --------  ----------  --------------  -------------------
/opt/airflow/dags/dag_film_digest.py                           0           1  0.06s           2026-02-26T22:47:17
================================================================================
[2026-02-26T22:47:37.011+0000] {manager.py:737} INFO - Searching for files in /opt/airflow/dags
[2026-02-26T22:47:37.018+0000] {manager.py:740} INFO - There are 1 files in /opt/airflow/dags
[2026-02-26T22:48:05.401+0000] {manager.py:878} INFO - 
================================================================================
DAG File Processing Stats

File Path                             PID    Runtime      # DAGs    # Errors  Last Runtime    Last Run
------------------------------------  -----  ---------  --------  ----------  --------------  -------------------
/opt/airflow/dags/dag_film_digest.py                           0           1  0.10s           2026-02-26T22:47:48
================================================================================
[2026-02-26T22:48:34.915+0000] {manager.py:878} INFO - 
================================================================================
DAG File Processing Stats

File Path                             PID    Runtime      # DAGs    # Errors  Last Runtime    Last Run
------------------------------------  -----  ---------  --------  ----------  --------------  -------------------
/opt/airflow/dags/dag_film_digest.py                           0           1  0.08s           2026-02-26T22:48:18
================================================================================
[2026-02-26T22:49:04.307+0000] {manager.py:878} INFO - 
================================================================================
DAG File Processing Stats

File Path                             PID    Runtime      # DAGs    # Errors  Last Runtime    Last Run
------------------------------------  -----  ---------  --------  ----------  --------------  -------------------
/opt/airflow/dags/dag_film_digest.py                           0           1  0.06s           2026-02-26T22:48:49
================================================================================
[2026-02-26T22:49:33.728+0000] {manager.py:878} INFO - 
================================================================================
DAG File Processing Stats

File Path                             PID    Runtime      # DAGs    # Errors  Last Runtime    Last Run
------------------------------------  -----  ---------  --------  ----------  --------------  -------------------
/opt/airflow/dags/dag_film_digest.py                           0           1  0.07s           2026-02-26T22:49:19
================================================================================
[2026-02-26T22:50:03.135+0000] {manager.py:878} INFO - 
================================================================================
DAG File Processing Stats

File Path                             PID    Runtime      # DAGs    # Errors  Last Runtime    Last Run
------------------------------------  -----  ---------  --------  ----------  --------------  -------------------
/opt/airflow/dags/dag_film_digest.py                           0           1  0.07s           2026-02-26T22:49:50
================================================================================
[2026-02-26T22:50:32.490+0000] {manager.py:878} INFO - 
================================================================================
DAG File Processing Stats

File Path                             PID    Runtime      # DAGs    # Errors  Last Runtime    Last Run
------------------------------------  -----  ---------  --------  ----------  --------------  -------------------
/opt/airflow/dags/dag_film_digest.py                           0           1  0.07s           2026-02-26T22:50:20
================================================================================
[2026-02-26T22:51:01.921+0000] {manager.py:878} INFO - 
================================================================================
DAG File Processing Stats

File Path                             PID    Runtime      # DAGs    # Errors  Last Runtime    Last Run
------------------------------------  -----  ---------  --------  ----------  --------------  -------------------
/opt/airflow/dags/dag_film_digest.py                           0           1  0.06s           2026-02-26T22:50:50
================================================================================
[2026-02-26T22:51:31.325+0000] {manager.py:878} INFO - 
================================================================================
DAG File Processing Stats

File Path                             PID    Runtime      # DAGs    # Errors  Last Runtime    Last Run
------------------------------------  -----  ---------  --------  ----------  --------------  -------------------
/opt/airflow/dags/dag_film_digest.py                           0           1  0.06s           2026-02-26T22:51:21
================================================================================
[2026-02-26T22:52:01.136+0000] {manager.py:878} INFO - 
================================================================================
DAG File Processing Stats

File Path                             PID    Runtime      # DAGs    # Errors  Last Runtime    Last Run
------------------------------------  -----  ---------  --------  ----------  --------------  -------------------
/opt/airflow/dags/dag_film_digest.py                           0           1  0.34s           2026-02-26T22:51:52
================================================================================
[2026-02-26T22:52:30.544+0000] {manager.py:878} INFO - 
================================================================================
DAG File Processing Stats

File Path                             PID    Runtime      # DAGs    # Errors  Last Runtime    Last Run
------------------------------------  -----  ---------  --------  ----------  --------------  -------------------
/opt/airflow/dags/dag_film_digest.py                           0           1  0.28s           2026-02-26T22:52:22
================================================================================
[2026-02-26T22:52:37.052+0000] {manager.py:737} INFO - Searching for files in /opt/airflow/dags
[2026-02-26T22:52:37.054+0000] {manager.py:740} INFO - There are 1 files in /opt/airflow/dags
[2026-02-26T22:52:59.929+0000] {manager.py:878} INFO - 
================================================================================
DAG File Processing Stats

File Path                             PID    Runtime      # DAGs    # Errors  Last Runtime    Last Run
------------------------------------  -----  ---------  --------  ----------  --------------  -------------------
/opt/airflow/dags/dag_film_digest.py                           0           1  0.07s           2026-02-26T22:52:52
================================================================================
[2026-02-26T22:53:29.333+0000] {manager.py:878} INFO - 
================================================================================
DAG File Processing Stats

File Path                             PID    Runtime      # DAGs    # Errors  Last Runtime    Last Run
------------------------------------  -----  ---------  --------  ----------  --------------  -------------------
/opt/airflow/dags/dag_film_digest.py                           0           1  0.07s           2026-02-26T22:53:23
================================================================================
[2026-02-26T22:53:58.753+0000] {manager.py:878} INFO - 
================================================================================
DAG File Processing Stats

File Path                             PID    Runtime      # DAGs    # Errors  Last Runtime    Last Run
------------------------------------  -----  ---------  --------  ----------  --------------  -------------------
/opt/airflow/dags/dag_film_digest.py                           0           1  0.10s           2026-02-26T22:53:53
================================================================================
[2026-02-26T22:54:28.154+0000] {manager.py:878} INFO - 
================================================================================
DAG File Processing Stats

File Path                             PID    Runtime      # DAGs    # Errors  Last Runtime    Last Run
------------------------------------  -----  ---------  --------  ----------  --------------  -------------------
/opt/airflow/dags/dag_film_digest.py                           0           1  0.06s           2026-02-26T22:54:24
================================================================================
[2026-02-26T22:54:57.486+0000] {manager.py:878} INFO - 
================================================================================
DAG File Processing Stats

File Path                             PID    Runtime      # DAGs    # Errors  Last Runtime    Last Run
------------------------------------  -----  ---------  --------  ----------  --------------  -------------------
/opt/airflow/dags/dag_film_digest.py                           0           1  0.08s           2026-02-26T22:54:54
================================================================================
[2026-02-26T22:55:26.880+0000] {manager.py:878} INFO - 
================================================================================
DAG File Processing Stats

File Path                             PID    Runtime      # DAGs    # Errors  Last Runtime    Last Run
------------------------------------  -----  ---------  --------  ----------  --------------  -------------------
/opt/airflow/dags/dag_film_digest.py                           0           1  0.06s           2026-02-26T22:55:24
================================================================================
[2026-02-26T22:55:56.267+0000] {manager.py:878} INFO - 
================================================================================
DAG File Processing Stats

File Path                             PID    Runtime      # DAGs    # Errors  Last Runtime    Last Run
------------------------------------  -----  ---------  --------  ----------  --------------  -------------------
/opt/airflow/dags/dag_film_digest.py                           0           1  0.06s           2026-02-26T22:55:55
================================================================================
[2026-02-26T22:56:25.654+0000] {manager.py:878} INFO - 
================================================================================
DAG File Processing Stats

File Path                               PID  Runtime      # DAGs    # Errors  Last Runtime    Last Run
------------------------------------  -----  ---------  --------  ----------  --------------  -------------------
/opt/airflow/dags/dag_film_digest.py    360  0.01s             0           1  0.06s           2026-02-26T22:55:55
================================================================================
[2026-02-26T22:56:54.987+0000] {manager.py:878} INFO - 
================================================================================
DAG File Processing Stats

File Path                             PID    Runtime      # DAGs    # Errors  Last Runtime    Last Run
------------------------------------  -----  ---------  --------  ----------  --------------  -------------------
/opt/airflow/dags/dag_film_digest.py                           0           1  0.12s           2026-02-26T22:56:25
================================================================================
[2026-02-26T22:57:24.316+0000] {manager.py:878} INFO - 
================================================================================
DAG File Processing Stats

File Path                             PID    Runtime      # DAGs    # Errors  Last Runtime    Last Run
------------------------------------  -----  ---------  --------  ----------  --------------  -------------------
/opt/airflow/dags/dag_film_digest.py                           0           1  0.06s           2026-02-26T22:56:56
================================================================================
[2026-02-26T22:57:37.631+0000] {manager.py:737} INFO - Searching for files in /opt/airflow/dags
[2026-02-26T22:57:37.633+0000] {manager.py:740} INFO - There are 1 files in /opt/airflow/dags
[2026-02-26T22:57:53.735+0000] {manager.py:878} INFO - 
================================================================================
DAG File Processing Stats

File Path                             PID    Runtime      # DAGs    # Errors  Last Runtime    Last Run
------------------------------------  -----  ---------  --------  ----------  --------------  -------------------
/opt/airflow/dags/dag_film_digest.py                           0           1  0.06s           2026-02-26T22:57:26
================================================================================
[2026-02-26T22:58:23.161+0000] {manager.py:878} INFO - 
================================================================================
DAG File Processing Stats

File Path                             PID    Runtime      # DAGs    # Errors  Last Runtime    Last Run
------------------------------------  -----  ---------  --------  ----------  --------------  -------------------
/opt/airflow/dags/dag_film_digest.py                           0           1  0.08s           2026-02-26T22:57:56
================================================================================
[2026-02-26T22:58:52.534+0000] {manager.py:878} INFO - 
================================================================================
DAG File Processing Stats

File Path                             PID    Runtime      # DAGs    # Errors  Last Runtime    Last Run
------------------------------------  -----  ---------  --------  ----------  --------------  -------------------
/opt/airflow/dags/dag_film_digest.py                           0           1  0.05s           2026-02-26T22:58:27
================================================================================
[2026-02-26T22:59:21.946+0000] {manager.py:878} INFO - 
================================================================================
DAG File Processing Stats

File Path                             PID    Runtime      # DAGs    # Errors  Last Runtime    Last Run
------------------------------------  -----  ---------  --------  ----------  --------------  -------------------
/opt/airflow/dags/dag_film_digest.py                           0           1  0.07s           2026-02-26T22:58:57
================================================================================
[2026-02-26T22:59:51.357+0000] {manager.py:878} INFO - 
================================================================================
DAG File Processing Stats

File Path                             PID    Runtime      # DAGs    # Errors  Last Runtime    Last Run
------------------------------------  -----  ---------  --------  ----------  --------------  -------------------
/opt/airflow/dags/dag_film_digest.py                           0           1  0.06s           2026-02-26T22:59:28
================================================================================
[2026-02-26T23:00:20.728+0000] {manager.py:878} INFO - 
================================================================================
DAG File Processing Stats

File Path                             PID    Runtime      # DAGs    # Errors  Last Runtime    Last Run
------------------------------------  -----  ---------  --------  ----------  --------------  -------------------
/opt/airflow/dags/dag_film_digest.py                           0           1  0.06s           2026-02-26T22:59:58
================================================================================
[2026-02-26T23:00:50.165+0000] {manager.py:878} INFO - 
================================================================================
DAG File Processing Stats

File Path                             PID    Runtime      # DAGs    # Errors  Last Runtime    Last Run
------------------------------------  -----  ---------  --------  ----------  --------------  -------------------
/opt/airflow/dags/dag_film_digest.py                           0           1  0.06s           2026-02-26T23:00:29
================================================================================
[2026-02-26T23:01:19.562+0000] {manager.py:878} INFO - 
================================================================================
DAG File Processing Stats

File Path                             PID    Runtime      # DAGs    # Errors  Last Runtime    Last Run
------------------------------------  -----  ---------  --------  ----------  --------------  -------------------
/opt/airflow/dags/dag_film_digest.py                           0           1  0.08s           2026-02-26T23:00:59
================================================================================
[2026-02-26T23:01:48.952+0000] {manager.py:878} INFO - 
================================================================================
DAG File Processing Stats

File Path                             PID    Runtime      # DAGs    # Errors  Last Runtime    Last Run
------------------------------------  -----  ---------  --------  ----------  --------------  -------------------
/opt/airflow/dags/dag_film_digest.py                           0           1  0.05s           2026-02-26T23:01:29
================================================================================
[2026-02-26T23:02:18.363+0000] {manager.py:878} INFO - 
================================================================================
DAG File Processing Stats

File Path                             PID    Runtime      # DAGs    # Errors  Last Runtime    Last Run
------------------------------------  -----  ---------  --------  ----------  --------------  -------------------
/opt/airflow/dags/dag_film_digest.py                           0           1  0.06s           2026-02-26T23:02:00
================================================================================
[2026-02-26T23:02:37.680+0000] {manager.py:737} INFO - Searching for files in /opt/airflow/dags
[2026-02-26T23:02:37.681+0000] {manager.py:740} INFO - There are 1 files in /opt/airflow/dags
[2026-02-26T23:02:47.764+0000] {manager.py:878} INFO - 
================================================================================
DAG File Processing Stats

File Path                             PID    Runtime      # DAGs    # Errors  Last Runtime    Last Run
------------------------------------  -----  ---------  --------  ----------  --------------  -------------------
/opt/airflow/dags/dag_film_digest.py                           0           1  0.06s           2026-02-26T23:02:30
================================================================================
[2026-02-26T23:03:17.139+0000] {manager.py:878} INFO - 
================================================================================
DAG File Processing Stats

File Path                             PID    Runtime      # DAGs    # Errors  Last Runtime    Last Run
------------------------------------  -----  ---------  --------  ----------  --------------  -------------------
/opt/airflow/dags/dag_film_digest.py                           0           1  0.14s           2026-02-26T23:03:01
================================================================================
[2026-02-26T23:03:46.837+0000] {manager.py:878} INFO - 
================================================================================
DAG File Processing Stats

File Path                             PID    Runtime      # DAGs    # Errors  Last Runtime    Last Run
------------------------------------  -----  ---------  --------  ----------  --------------  -------------------
/opt/airflow/dags/dag_film_digest.py                           0           1  0.08s           2026-02-26T23:03:25
================================================================================
[2026-02-26T23:04:16.232+0000] {manager.py:878} INFO - 
================================================================================
DAG File Processing Stats

File Path                             PID    Runtime      # DAGs    # Errors  Last Runtime    Last Run
------------------------------------  -----  ---------  --------  ----------  --------------  -------------------
/opt/airflow/dags/dag_film_digest.py                           0           1  0.06s           2026-02-26T23:03:56
================================================================================
[2026-02-26T23:04:45.592+0000] {manager.py:878} INFO - 
================================================================================
DAG File Processing Stats

File Path                             PID    Runtime      # DAGs    # Errors  Last Runtime    Last Run
------------------------------------  -----  ---------  --------  ----------  --------------  -------------------
/opt/airflow/dags/dag_film_digest.py                           0           1  0.07s           2026-02-26T23:04:20
================================================================================
[2026-02-26T23:05:14.979+0000] {manager.py:878} INFO - 
================================================================================
DAG File Processing Stats

File Path                             PID    Runtime      # DAGs    # Errors  Last Runtime    Last Run
------------------------------------  -----  ---------  --------  ----------  --------------  -------------------
/opt/airflow/dags/dag_film_digest.py                           0           1  0.06s           2026-02-26T23:04:50
================================================================================
[2026-02-26T23:05:44.372+0000] {manager.py:878} INFO - 
================================================================================
DAG File Processing Stats

File Path                             PID    Runtime      # DAGs    # Errors  Last Runtime    Last Run
------------------------------------  -----  ---------  --------  ----------  --------------  -------------------
/opt/airflow/dags/dag_film_digest.py                           0           1  0.05s           2026-02-26T23:05:21
================================================================================
[2026-02-26T23:06:13.758+0000] {manager.py:878} INFO - 
================================================================================
DAG File Processing Stats

File Path                             PID    Runtime      # DAGs    # Errors  Last Runtime    Last Run
------------------------------------  -----  ---------  --------  ----------  --------------  -------------------
/opt/airflow/dags/dag_film_digest.py                           0           1  0.06s           2026-02-26T23:05:51
================================================================================
[2026-02-26T23:06:42.819+0000] {manager.py:878} INFO - 
================================================================================
DAG File Processing Stats

File Path                             PID    Runtime      # DAGs    # Errors  Last Runtime    Last Run
------------------------------------  -----  ---------  --------  ----------  --------------  -------------------
/opt/airflow/dags/dag_film_digest.py                           0           1  0.07s           2026-02-26T23:06:22
================================================================================
[2026-02-26T23:07:12.592+0000] {manager.py:878} INFO - 
================================================================================
DAG File Processing Stats

File Path                             PID    Runtime      # DAGs    # Errors  Last Runtime    Last Run
------------------------------------  -----  ---------  --------  ----------  --------------  -------------------
/opt/airflow/dags/dag_film_digest.py                           0           1  0.10s           2026-02-26T23:06:53
================================================================================
[2026-02-26T23:07:37.954+0000] {manager.py:737} INFO - Searching for files in /opt/airflow/dags
[2026-02-26T23:07:37.958+0000] {manager.py:740} INFO - There are 1 files in /opt/airflow/dags
[2026-02-26T23:07:41.994+0000] {manager.py:878} INFO - 
================================================================================
DAG File Processing Stats

File Path                             PID    Runtime      # DAGs    # Errors  Last Runtime    Last Run
------------------------------------  -----  ---------  --------  ----------  --------------  -------------------
/opt/airflow/dags/dag_film_digest.py                           0           1  0.07s           2026-02-26T23:07:23
================================================================================
[2026-02-26T23:08:11.042+0000] {manager.py:878} INFO - 
================================================================================
DAG File Processing Stats

File Path                             PID    Runtime      # DAGs    # Errors  Last Runtime    Last Run
------------------------------------  -----  ---------  --------  ----------  --------------  -------------------
/opt/airflow/dags/dag_film_digest.py                           0           1  0.18s           2026-02-26T23:07:50
================================================================================
[2026-02-26T23:08:39.884+0000] {manager.py:878} INFO - 
================================================================================
DAG File Processing Stats

File Path                             PID    Runtime      # DAGs    # Errors  Last Runtime    Last Run
------------------------------------  -----  ---------  --------  ----------  --------------  -------------------
/opt/airflow/dags/dag_film_digest.py                           0           1  0.06s           2026-02-26T23:08:20
================================================================================
[2026-02-26T23:09:09.266+0000] {manager.py:878} INFO - 
================================================================================
DAG File Processing Stats

File Path                             PID    Runtime      # DAGs    # Errors  Last Runtime    Last Run
------------------------------------  -----  ---------  --------  ----------  --------------  -------------------
/opt/airflow/dags/dag_film_digest.py                           0           1  0.23s           2026-02-26T23:08:51
================================================================================
[2026-02-26T23:09:38.673+0000] {manager.py:878} INFO - 
================================================================================
DAG File Processing Stats

File Path                             PID    Runtime      # DAGs    # Errors  Last Runtime    Last Run
------------------------------------  -----  ---------  --------  ----------  --------------  -------------------
/opt/airflow/dags/dag_film_digest.py                           0           1  0.12s           2026-02-26T23:09:21
================================================================================
[2026-02-26T23:09:41.061+0000] {manager.py:452} INFO - Exiting gracefully upon receiving signal 15
[2026-02-26T23:12:18.623+0000] {manager.py:470} INFO - Processing files using up to 2 processes at a time 
[2026-02-26T23:12:18.809+0000] {manager.py:471} INFO - Process each file at most once every 30 seconds
[2026-02-26T23:12:18.809+0000] {manager.py:472} INFO - Checking for new files in /opt/airflow/dags every 300 seconds
[2026-02-26T23:12:18.810+0000] {manager.py:737} INFO - Searching for files in /opt/airflow/dags
[2026-02-26T23:12:18.842+0000] {manager.py:740} INFO - There are 1 files in /opt/airflow/dags
[2026-02-26T23:12:21.232+0000] {manager.py:878} INFO - 
================================================================================
DAG File Processing Stats

File Path                               PID  Runtime      # DAGs    # Errors  Last Runtime    Last Run
------------------------------------  -----  ---------  --------  ----------  --------------  ----------
/opt/airflow/dags/dag_film_digest.py    157  0.59s             0           0
================================================================================
[2026-02-26T23:12:50.820+0000] {manager.py:878} INFO - 
================================================================================
DAG File Processing Stats

File Path                             PID    Runtime      # DAGs    # Errors  Last Runtime    Last Run
------------------------------------  -----  ---------  --------  ----------  --------------  -------------------
/opt/airflow/dags/dag_film_digest.py                           0           1  0.60s           2026-02-26T23:12:21
================================================================================
[2026-02-26T23:13:20.363+0000] {manager.py:878} INFO - 
================================================================================
DAG File Processing Stats

File Path                             PID    Runtime      # DAGs    # Errors  Last Runtime    Last Run
------------------------------------  -----  ---------  --------  ----------  --------------  -------------------
/opt/airflow/dags/dag_film_digest.py                           0           1  1.29s           2026-02-26T23:12:53
================================================================================
[2026-02-26T23:13:49.799+0000] {manager.py:878} INFO - 
================================================================================
DAG File Processing Stats

File Path                             PID    Runtime      # DAGs    # Errors  Last Runtime    Last Run
------------------------------------  -----  ---------  --------  ----------  --------------  -------------------
/opt/airflow/dags/dag_film_digest.py                           0           1  0.49s           2026-02-26T23:13:23
================================================================================
[2026-02-26T23:14:19.478+0000] {manager.py:878} INFO - 
================================================================================
DAG File Processing Stats

File Path                             PID    Runtime      # DAGs    # Errors  Last Runtime    Last Run
------------------------------------  -----  ---------  --------  ----------  --------------  -------------------
/opt/airflow/dags/dag_film_digest.py                           0           1  0.31s           2026-02-26T23:13:54
================================================================================
[2026-02-26T23:16:04.642+0000] {manager.py:470} INFO - Processing files using up to 2 processes at a time 
[2026-02-26T23:16:04.646+0000] {manager.py:471} INFO - Process each file at most once every 30 seconds
[2026-02-26T23:16:04.647+0000] {manager.py:472} INFO - Checking for new files in /opt/airflow/dags every 300 seconds
[2026-02-26T23:16:04.647+0000] {manager.py:737} INFO - Searching for files in /opt/airflow/dags
[2026-02-26T23:16:04.658+0000] {manager.py:740} INFO - There are 1 files in /opt/airflow/dags
[2026-02-26T23:16:05.057+0000] {manager.py:878} INFO - 
================================================================================
DAG File Processing Stats

File Path                               PID  Runtime      # DAGs    # Errors  Last Runtime    Last Run
------------------------------------  -----  ---------  --------  ----------  --------------  ----------
/opt/airflow/dags/dag_film_digest.py    157  0.20s             0           0
================================================================================
[2026-02-26T23:16:34.833+0000] {manager.py:878} INFO - 
================================================================================
DAG File Processing Stats

File Path                             PID    Runtime      # DAGs    # Errors  Last Runtime    Last Run
------------------------------------  -----  ---------  --------  ----------  --------------  -------------------
/opt/airflow/dags/dag_film_digest.py                           0           1  0.22s           2026-02-26T23:16:05
================================================================================
[2026-02-26T23:17:04.178+0000] {manager.py:878} INFO - 
================================================================================
DAG File Processing Stats

File Path                             PID    Runtime      # DAGs    # Errors  Last Runtime    Last Run
------------------------------------  -----  ---------  --------  ----------  --------------  -------------------
/opt/airflow/dags/dag_film_digest.py                           0           1  0.41s           2026-02-26T23:16:36
================================================================================
[2026-02-26T23:17:33.911+0000] {manager.py:878} INFO - 
================================================================================
DAG File Processing Stats

File Path                             PID    Runtime      # DAGs    # Errors  Last Runtime    Last Run
------------------------------------  -----  ---------  --------  ----------  --------------  -------------------
/opt/airflow/dags/dag_film_digest.py                           0           1  0.13s           2026-02-26T23:17:06
================================================================================
[2026-02-26T23:18:03.277+0000] {manager.py:878} INFO - 
================================================================================
DAG File Processing Stats

File Path                             PID    Runtime      # DAGs    # Errors  Last Runtime    Last Run
------------------------------------  -----  ---------  --------  ----------  --------------  -------------------
/opt/airflow/dags/dag_film_digest.py                           0           1  0.12s           2026-02-26T23:17:37
================================================================================
[2026-02-26T23:18:32.679+0000] {manager.py:878} INFO - 
================================================================================
DAG File Processing Stats

File Path                             PID    Runtime      # DAGs    # Errors  Last Runtime    Last Run
------------------------------------  -----  ---------  --------  ----------  --------------  -------------------
/opt/airflow/dags/dag_film_digest.py                           0           1  0.07s           2026-02-26T23:18:07
================================================================================
[2026-02-26T23:19:02.036+0000] {manager.py:878} INFO - 
================================================================================
DAG File Processing Stats

File Path                             PID    Runtime      # DAGs    # Errors  Last Runtime    Last Run
------------------------------------  -----  ---------  --------  ----------  --------------  -------------------
/opt/airflow/dags/dag_film_digest.py                           0           1  0.15s           2026-02-26T23:18:37
================================================================================
[2026-02-26T23:19:31.549+0000] {manager.py:878} INFO - 
================================================================================
DAG File Processing Stats

File Path                             PID    Runtime      # DAGs    # Errors  Last Runtime    Last Run
------------------------------------  -----  ---------  --------  ----------  --------------  -------------------
/opt/airflow/dags/dag_film_digest.py                           0           1  0.12s           2026-02-26T23:19:08
================================================================================
[2026-02-26T23:19:35.788+0000] {manager.py:452} INFO - Exiting gracefully upon receiving signal 15
[2026-02-27T00:02:00.268+0000] {manager.py:470} INFO - Processing files using up to 2 processes at a time 
[2026-02-27T00:02:00.276+0000] {manager.py:471} INFO - Process each file at most once every 30 seconds
[2026-02-27T00:02:00.277+0000] {manager.py:472} INFO - Checking for new files in /opt/airflow/dags every 300 seconds
[2026-02-27T00:02:00.278+0000] {manager.py:737} INFO - Searching for files in /opt/airflow/dags
[2026-02-27T00:02:00.287+0000] {manager.py:740} INFO - There are 1 files in /opt/airflow/dags
[2026-02-27T00:02:00.598+0000] {manager.py:878} INFO - 
================================================================================
DAG File Processing Stats

File Path                               PID  Runtime      # DAGs    # Errors  Last Runtime    Last Run
------------------------------------  -----  ---------  --------  ----------  --------------  ----------
/opt/airflow/dags/dag_film_digest.py    159  0.09s             0           0
================================================================================
[2026-02-27T00:02:30.254+0000] {manager.py:878} INFO - 
================================================================================
DAG File Processing Stats

File Path                             PID    Runtime      # DAGs    # Errors  Last Runtime    Last Run
------------------------------------  -----  ---------  --------  ----------  --------------  -------------------
/opt/airflow/dags/dag_film_digest.py                           0           1  0.11s           2026-02-27T00:02:00
================================================================================
[2026-02-27T00:02:59.843+0000] {manager.py:878} INFO - 
================================================================================
DAG File Processing Stats

File Path                             PID    Runtime      # DAGs    # Errors  Last Runtime    Last Run
------------------------------------  -----  ---------  --------  ----------  --------------  -------------------
/opt/airflow/dags/dag_film_digest.py                           0           1  0.43s           2026-02-27T00:02:31
================================================================================
[2026-02-27T00:03:29.520+0000] {manager.py:878} INFO - 
================================================================================
DAG File Processing Stats

File Path                             PID    Runtime      # DAGs    # Errors  Last Runtime    Last Run
------------------------------------  -----  ---------  --------  ----------  --------------  -------------------
/opt/airflow/dags/dag_film_digest.py                           0           1  0.27s           2026-02-27T00:03:02
================================================================================
[2026-02-27T00:03:59.136+0000] {manager.py:878} INFO - 
================================================================================
DAG File Processing Stats

File Path                             PID    Runtime      # DAGs    # Errors  Last Runtime    Last Run
------------------------------------  -----  ---------  --------  ----------  --------------  -------------------
/opt/airflow/dags/dag_film_digest.py                           0           1  0.17s           2026-02-27T00:03:32
================================================================================
[2026-02-27T00:04:28.778+0000] {manager.py:878} INFO - 
================================================================================
DAG File Processing Stats

File Path                             PID    Runtime      # DAGs    # Errors  Last Runtime    Last Run
------------------------------------  -----  ---------  --------  ----------  --------------  -------------------
/opt/airflow/dags/dag_film_digest.py                           0           1  0.23s           2026-02-27T00:04:03
================================================================================
[2026-02-27T00:04:58.495+0000] {manager.py:878} INFO - 
================================================================================
DAG File Processing Stats

File Path                             PID    Runtime      # DAGs    # Errors  Last Runtime    Last Run
------------------------------------  -----  ---------  --------  ----------  --------------  -------------------
/opt/airflow/dags/dag_film_digest.py                           0           1  0.19s           2026-02-27T00:04:34
================================================================================
[2026-02-27T00:05:28.198+0000] {manager.py:878} INFO - 
================================================================================
DAG File Processing Stats

File Path                             PID    Runtime      # DAGs    # Errors  Last Runtime    Last Run
------------------------------------  -----  ---------  --------  ----------  --------------  -------------------
/opt/airflow/dags/dag_film_digest.py                           0           1  0.12s           2026-02-27T00:05:04
================================================================================
[2026-02-27T00:05:57.790+0000] {manager.py:878} INFO - 
================================================================================
DAG File Processing Stats

File Path                             PID    Runtime      # DAGs    # Errors  Last Runtime    Last Run
------------------------------------  -----  ---------  --------  ----------  --------------  -------------------
/opt/airflow/dags/dag_film_digest.py                           0           1  0.14s           2026-02-27T00:05:35
================================================================================
[2026-02-27T00:06:27.385+0000] {manager.py:878} INFO - 
================================================================================
DAG File Processing Stats

File Path                             PID    Runtime      # DAGs    # Errors  Last Runtime    Last Run
------------------------------------  -----  ---------  --------  ----------  --------------  -------------------
/opt/airflow/dags/dag_film_digest.py                           0           1  0.08s           2026-02-27T00:06:05
================================================================================
[2026-02-27T00:06:56.936+0000] {manager.py:878} INFO - 
================================================================================
DAG File Processing Stats

File Path                             PID    Runtime      # DAGs    # Errors  Last Runtime    Last Run
------------------------------------  -----  ---------  --------  ----------  --------------  -------------------
/opt/airflow/dags/dag_film_digest.py                           0           1  0.14s           2026-02-27T00:06:36
================================================================================
[2026-02-27T00:07:00.968+0000] {manager.py:737} INFO - Searching for files in /opt/airflow/dags
[2026-02-27T00:07:00.976+0000] {manager.py:740} INFO - There are 1 files in /opt/airflow/dags
[2026-02-27T00:07:26.539+0000] {manager.py:878} INFO - 
================================================================================
DAG File Processing Stats

File Path                             PID    Runtime      # DAGs    # Errors  Last Runtime    Last Run
------------------------------------  -----  ---------  --------  ----------  --------------  -------------------
/opt/airflow/dags/dag_film_digest.py                           0           1  0.13s           2026-02-27T00:07:07
================================================================================
[2026-02-27T00:07:56.030+0000] {manager.py:878} INFO - 
================================================================================
DAG File Processing Stats

File Path                             PID    Runtime      # DAGs    # Errors  Last Runtime    Last Run
------------------------------------  -----  ---------  --------  ----------  --------------  -------------------
/opt/airflow/dags/dag_film_digest.py                           0           1  0.15s           2026-02-27T00:07:37
================================================================================
[2026-02-27T00:08:25.635+0000] {manager.py:878} INFO - 
================================================================================
DAG File Processing Stats

File Path                             PID    Runtime      # DAGs    # Errors  Last Runtime    Last Run
------------------------------------  -----  ---------  --------  ----------  --------------  -------------------
/opt/airflow/dags/dag_film_digest.py                           0           1  0.13s           2026-02-27T00:08:08
================================================================================
[2026-02-27T00:08:55.004+0000] {manager.py:878} INFO - 
================================================================================
DAG File Processing Stats

File Path                             PID    Runtime      # DAGs    # Errors  Last Runtime    Last Run
------------------------------------  -----  ---------  --------  ----------  --------------  -------------------
/opt/airflow/dags/dag_film_digest.py                           0           1  0.28s           2026-02-27T00:08:26
================================================================================
[2026-02-27T00:09:24.571+0000] {manager.py:878} INFO - 
================================================================================
DAG File Processing Stats

File Path                             PID    Runtime      # DAGs    # Errors  Last Runtime    Last Run
------------------------------------  -----  ---------  --------  ----------  --------------  -------------------
/opt/airflow/dags/dag_film_digest.py                           0           1  0.16s           2026-02-27T00:09:12
================================================================================
[2026-02-27T00:09:53.994+0000] {manager.py:878} INFO - 
================================================================================
DAG File Processing Stats

File Path                             PID    Runtime      # DAGs    # Errors  Last Runtime    Last Run
------------------------------------  -----  ---------  --------  ----------  --------------  -------------------
/opt/airflow/dags/dag_film_digest.py                           0           1  0.11s           2026-02-27T00:09:42
================================================================================
[2026-02-27T00:10:23.449+0000] {manager.py:878} INFO - 
================================================================================
DAG File Processing Stats

File Path                             PID    Runtime      # DAGs    # Errors  Last Runtime    Last Run
------------------------------------  -----  ---------  --------  ----------  --------------  -------------------
/opt/airflow/dags/dag_film_digest.py                           0           1  0.13s           2026-02-27T00:10:13
================================================================================
[2026-02-27T00:10:52.909+0000] {manager.py:878} INFO - 
================================================================================
DAG File Processing Stats

File Path                             PID    Runtime      # DAGs    # Errors  Last Runtime    Last Run
------------------------------------  -----  ---------  --------  ----------  --------------  -------------------
/opt/airflow/dags/dag_film_digest.py                           0           1  -0.42s          2026-02-27T00:10:42
================================================================================
[2026-02-27T00:11:22.266+0000] {manager.py:878} INFO - 
================================================================================
DAG File Processing Stats

File Path                             PID    Runtime      # DAGs    # Errors  Last Runtime    Last Run
------------------------------------  -----  ---------  --------  ----------  --------------  -------------------
/opt/airflow/dags/dag_film_digest.py                           0           1  0.07s           2026-02-27T00:11:13
================================================================================
[2026-02-27T00:11:43.937+0000] {manager.py:452} INFO - Exiting gracefully upon receiving signal 15
[2026-02-27T00:11:44.108+0000] {manager.py:452} INFO - Exiting gracefully upon receiving signal 15
[2026-02-27T00:12:46.534+0000] {manager.py:470} INFO - Processing files using up to 2 processes at a time 
[2026-02-27T00:12:46.544+0000] {manager.py:471} INFO - Process each file at most once every 30 seconds
[2026-02-27T00:12:46.545+0000] {manager.py:472} INFO - Checking for new files in /opt/airflow/dags every 300 seconds
[2026-02-27T00:12:46.545+0000] {manager.py:737} INFO - Searching for files in /opt/airflow/dags
[2026-02-27T00:12:46.563+0000] {manager.py:740} INFO - There are 1 files in /opt/airflow/dags
[2026-02-27T00:12:46.979+0000] {manager.py:878} INFO - 
================================================================================
DAG File Processing Stats

File Path                               PID  Runtime      # DAGs    # Errors  Last Runtime    Last Run
------------------------------------  -----  ---------  --------  ----------  --------------  ----------
/opt/airflow/dags/dag_film_digest.py    159  0.09s             0           0
================================================================================
[2026-02-27T00:13:16.323+0000] {manager.py:878} INFO - 
================================================================================
DAG File Processing Stats

File Path                             PID    Runtime      # DAGs    # Errors  Last Runtime    Last Run
------------------------------------  -----  ---------  --------  ----------  --------------  -------------------
/opt/airflow/dags/dag_film_digest.py                           0           1  0.12s           2026-02-27T00:12:47
================================================================================
[2026-02-27T00:13:45.802+0000] {manager.py:878} INFO - 
================================================================================
DAG File Processing Stats

File Path                             PID    Runtime      # DAGs    # Errors  Last Runtime    Last Run
------------------------------------  -----  ---------  --------  ----------  --------------  -------------------
/opt/airflow/dags/dag_film_digest.py                           0           1  0.18s           2026-02-27T00:13:17
================================================================================
[2026-02-27T00:14:15.233+0000] {manager.py:878} INFO - 
================================================================================
DAG File Processing Stats

File Path                             PID    Runtime      # DAGs    # Errors  Last Runtime    Last Run
------------------------------------  -----  ---------  --------  ----------  --------------  -------------------
/opt/airflow/dags/dag_film_digest.py                           0           1  0.10s           2026-02-27T00:13:47
================================================================================
[2026-02-27T00:14:44.677+0000] {manager.py:878} INFO - 
================================================================================
DAG File Processing Stats

File Path                             PID    Runtime      # DAGs    # Errors  Last Runtime    Last Run
------------------------------------  -----  ---------  --------  ----------  --------------  -------------------
/opt/airflow/dags/dag_film_digest.py                           0           1  0.08s           2026-02-27T00:14:18
================================================================================
[2026-02-27T00:15:14.090+0000] {manager.py:878} INFO - 
================================================================================
DAG File Processing Stats

File Path                             PID    Runtime      # DAGs    # Errors  Last Runtime    Last Run
------------------------------------  -----  ---------  --------  ----------  --------------  -------------------
/opt/airflow/dags/dag_film_digest.py                           0           1  0.10s           2026-02-27T00:14:48
================================================================================
[2026-02-27T00:15:43.546+0000] {manager.py:878} INFO - 
================================================================================
DAG File Processing Stats

File Path                             PID    Runtime      # DAGs    # Errors  Last Runtime    Last Run
------------------------------------  -----  ---------  --------  ----------  --------------  -------------------
/opt/airflow/dags/dag_film_digest.py                           0           1  0.10s           2026-02-27T00:15:19
================================================================================
[2026-02-27T00:16:12.912+0000] {manager.py:878} INFO - 
================================================================================
DAG File Processing Stats

File Path                             PID    Runtime      # DAGs    # Errors  Last Runtime    Last Run
------------------------------------  -----  ---------  --------  ----------  --------------  -------------------
/opt/airflow/dags/dag_film_digest.py                           0           1  0.13s           2026-02-27T00:15:49
================================================================================
[2026-02-27T00:16:42.448+0000] {manager.py:878} INFO - 
================================================================================
DAG File Processing Stats

File Path                             PID    Runtime      # DAGs    # Errors  Last Runtime    Last Run
------------------------------------  -----  ---------  --------  ----------  --------------  -------------------
/opt/airflow/dags/dag_film_digest.py                           0           1  0.17s           2026-02-27T00:16:34
================================================================================
[2026-02-27T00:17:11.908+0000] {manager.py:878} INFO - 
================================================================================
DAG File Processing Stats

File Path                             PID    Runtime      # DAGs    # Errors  Last Runtime    Last Run
------------------------------------  -----  ---------  --------  ----------  --------------  -------------------
/opt/airflow/dags/dag_film_digest.py                           0           1  0.13s           2026-02-27T00:17:04
================================================================================
[2026-02-27T00:17:41.343+0000] {manager.py:878} INFO - 
================================================================================
DAG File Processing Stats

File Path                             PID    Runtime      # DAGs    # Errors  Last Runtime    Last Run
------------------------------------  -----  ---------  --------  ----------  --------------  -------------------
/opt/airflow/dags/dag_film_digest.py                           0           1  0.12s           2026-02-27T00:17:35
================================================================================
[2026-02-27T00:17:47.384+0000] {manager.py:737} INFO - Searching for files in /opt/airflow/dags
[2026-02-27T00:17:47.387+0000] {manager.py:740} INFO - There are 1 files in /opt/airflow/dags
[2026-02-27T00:18:10.731+0000] {manager.py:878} INFO - 
================================================================================
DAG File Processing Stats

File Path                             PID    Runtime      # DAGs    # Errors  Last Runtime    Last Run
------------------------------------  -----  ---------  --------  ----------  --------------  -------------------
/opt/airflow/dags/dag_film_digest.py                           0           1  0.10s           2026-02-27T00:18:05
================================================================================
[2026-02-27T00:18:39.090+0000] {manager.py:452} INFO - Exiting gracefully upon receiving signal 15
[2026-02-27T00:19:56.233+0000] {manager.py:470} INFO - Processing files using up to 2 processes at a time 
[2026-02-27T00:19:56.247+0000] {manager.py:471} INFO - Process each file at most once every 30 seconds
[2026-02-27T00:19:56.248+0000] {manager.py:472} INFO - Checking for new files in /opt/airflow/dags every 300 seconds
[2026-02-27T00:19:56.249+0000] {manager.py:737} INFO - Searching for files in /opt/airflow/dags
[2026-02-27T00:19:56.261+0000] {manager.py:740} INFO - There are 1 files in /opt/airflow/dags
[2026-02-27T00:19:56.622+0000] {manager.py:878} INFO - 
================================================================================
DAG File Processing Stats

File Path                               PID  Runtime      # DAGs    # Errors  Last Runtime    Last Run
------------------------------------  -----  ---------  --------  ----------  --------------  ----------
/opt/airflow/dags/dag_film_digest.py    159  0.11s             0           0
================================================================================
[2026-02-27T00:20:25.952+0000] {manager.py:878} INFO - 
================================================================================
DAG File Processing Stats

File Path                             PID    Runtime      # DAGs    # Errors  Last Runtime    Last Run
------------------------------------  -----  ---------  --------  ----------  --------------  -------------------
/opt/airflow/dags/dag_film_digest.py                           0           1  0.18s           2026-02-27T00:19:56
================================================================================
[2026-02-27T00:20:55.294+0000] {manager.py:878} INFO - 
================================================================================
DAG File Processing Stats

File Path                             PID    Runtime      # DAGs    # Errors  Last Runtime    Last Run
------------------------------------  -----  ---------  --------  ----------  --------------  -------------------
/opt/airflow/dags/dag_film_digest.py                           0           1  0.18s           2026-02-27T00:20:27
================================================================================
[2026-02-27T00:21:24.885+0000] {manager.py:878} INFO - 
================================================================================
DAG File Processing Stats

File Path                             PID    Runtime      # DAGs    # Errors  Last Runtime    Last Run
------------------------------------  -----  ---------  --------  ----------  --------------  -------------------
/opt/airflow/dags/dag_film_digest.py                           0           1  0.19s           2026-02-27T00:20:57
================================================================================
[2026-02-27T00:21:54.261+0000] {manager.py:878} INFO - 
================================================================================
DAG File Processing Stats

File Path                             PID    Runtime      # DAGs    # Errors  Last Runtime    Last Run
------------------------------------  -----  ---------  --------  ----------  --------------  -------------------
/opt/airflow/dags/dag_film_digest.py                           0           1  0.10s           2026-02-27T00:21:28
================================================================================
[2026-02-27T00:22:23.691+0000] {manager.py:878} INFO - 
================================================================================
DAG File Processing Stats

File Path                             PID    Runtime      # DAGs    # Errors  Last Runtime    Last Run
------------------------------------  -----  ---------  --------  ----------  --------------  -------------------
/opt/airflow/dags/dag_film_digest.py                           0           1  0.10s           2026-02-27T00:21:58
================================================================================
[2026-02-27T00:22:53.108+0000] {manager.py:878} INFO - 
================================================================================
DAG File Processing Stats

File Path                             PID    Runtime      # DAGs    # Errors  Last Runtime    Last Run
------------------------------------  -----  ---------  --------  ----------  --------------  -------------------
/opt/airflow/dags/dag_film_digest.py                           0           1  0.14s           2026-02-27T00:22:29
================================================================================
[2026-02-27T00:23:22.241+0000] {manager.py:878} INFO - 
================================================================================
DAG File Processing Stats

File Path                             PID    Runtime      # DAGs    # Errors  Last Runtime    Last Run
------------------------------------  -----  ---------  --------  ----------  --------------  -------------------
/opt/airflow/dags/dag_film_digest.py                           0           1  0.10s           2026-02-27T00:22:59
================================================================================
[2026-02-27T00:23:51.088+0000] {manager.py:878} INFO - 
================================================================================
DAG File Processing Stats

File Path                             PID    Runtime      # DAGs    # Errors  Last Runtime    Last Run
------------------------------------  -----  ---------  --------  ----------  --------------  -------------------
/opt/airflow/dags/dag_film_digest.py                           0           1  0.11s           2026-02-27T00:23:29
================================================================================
[2026-02-27T00:24:17.445+0000] {manager.py:452} INFO - Exiting gracefully upon receiving signal 15
[2026-02-27T00:35:53.133+0000] {manager.py:470} INFO - Processing files using up to 2 processes at a time 
[2026-02-27T00:35:53.147+0000] {manager.py:471} INFO - Process each file at most once every 30 seconds
[2026-02-27T00:35:53.148+0000] {manager.py:472} INFO - Checking for new files in /opt/airflow/dags every 300 seconds
[2026-02-27T00:35:53.149+0000] {manager.py:737} INFO - Searching for files in /opt/airflow/dags
[2026-02-27T00:35:53.180+0000] {manager.py:740} INFO - There are 1 files in /opt/airflow/dags
[2026-02-27T00:35:55.135+0000] {manager.py:878} INFO - 
================================================================================
DAG File Processing Stats

File Path                               PID  Runtime      # DAGs    # Errors  Last Runtime    Last Run
------------------------------------  -----  ---------  --------  ----------  --------------  ----------
/opt/airflow/dags/dag_film_digest.py    157  1.17s             0           0
================================================================================
[2026-02-27T00:36:19.434+0000] {manager.py:452} INFO - Exiting gracefully upon receiving signal 15
[2026-02-27T00:37:51.020+0000] {manager.py:470} INFO - Processing files using up to 2 processes at a time 
[2026-02-27T00:37:51.032+0000] {manager.py:471} INFO - Process each file at most once every 30 seconds
[2026-02-27T00:37:51.033+0000] {manager.py:472} INFO - Checking for new files in /opt/airflow/dags every 300 seconds
[2026-02-27T00:37:51.033+0000] {manager.py:737} INFO - Searching for files in /opt/airflow/dags
[2026-02-27T00:37:51.040+0000] {manager.py:740} INFO - There are 1 files in /opt/airflow/dags
[2026-02-27T00:37:51.625+0000] {manager.py:878} INFO - 
================================================================================
DAG File Processing Stats

File Path                               PID  Runtime      # DAGs    # Errors  Last Runtime    Last Run
------------------------------------  -----  ---------  --------  ----------  --------------  ----------
/opt/airflow/dags/dag_film_digest.py    157  0.18s             0           0
================================================================================
[2026-02-27T00:38:19.994+0000] {manager.py:878} INFO - 
================================================================================
DAG File Processing Stats

File Path                             PID    Runtime      # DAGs    # Errors  Last Runtime    Last Run
------------------------------------  -----  ---------  --------  ----------  --------------  -------------------
/opt/airflow/dags/dag_film_digest.py                           0           1  0.22s           2026-02-27T00:37:51
================================================================================
[2026-02-27T00:38:48.344+0000] {manager.py:878} INFO - 
================================================================================
DAG File Processing Stats

File Path                             PID    Runtime      # DAGs    # Errors  Last Runtime    Last Run
------------------------------------  -----  ---------  --------  ----------  --------------  -------------------
/opt/airflow/dags/dag_film_digest.py                           0           1  1.84s           2026-02-27T00:38:23
================================================================================
[2026-02-27T00:39:16.680+0000] {manager.py:878} INFO - 
================================================================================
DAG File Processing Stats

File Path                             PID    Runtime      # DAGs    # Errors  Last Runtime    Last Run
------------------------------------  -----  ---------  --------  ----------  --------------  -------------------
/opt/airflow/dags/dag_film_digest.py                           0           1  0.14s           2026-02-27T00:38:54
================================================================================
[2026-02-27T00:39:45.013+0000] {manager.py:878} INFO - 
================================================================================
DAG File Processing Stats

File Path                             PID    Runtime      # DAGs    # Errors  Last Runtime    Last Run
------------------------------------  -----  ---------  --------  ----------  --------------  -------------------
/opt/airflow/dags/dag_film_digest.py                           0           1  0.15s           2026-02-27T00:39:24
================================================================================
[2026-02-27T00:40:13.529+0000] {manager.py:878} INFO - 
================================================================================
DAG File Processing Stats

File Path                             PID    Runtime      # DAGs    # Errors  Last Runtime    Last Run
------------------------------------  -----  ---------  --------  ----------  --------------  -------------------
/opt/airflow/dags/dag_film_digest.py                           0           1  0.12s           2026-02-27T00:39:55
================================================================================
[2026-02-27T00:40:41.989+0000] {manager.py:878} INFO - 
================================================================================
DAG File Processing Stats

File Path                             PID    Runtime      # DAGs    # Errors  Last Runtime    Last Run
------------------------------------  -----  ---------  --------  ----------  --------------  -------------------
/opt/airflow/dags/dag_film_digest.py                           0           1  0.36s           2026-02-27T00:40:22
================================================================================
[2026-02-27T00:41:10.371+0000] {manager.py:878} INFO - 
================================================================================
DAG File Processing Stats

File Path                             PID    Runtime      # DAGs    # Errors  Last Runtime    Last Run
------------------------------------  -----  ---------  --------  ----------  --------------  -------------------
/opt/airflow/dags/dag_film_digest.py                           0           1  0.11s           2026-02-27T00:40:53
================================================================================
[2026-02-27T00:41:38.685+0000] {manager.py:878} INFO - 
================================================================================
DAG File Processing Stats

File Path                             PID    Runtime      # DAGs    # Errors  Last Runtime    Last Run
------------------------------------  -----  ---------  --------  ----------  --------------  -------------------
/opt/airflow/dags/dag_film_digest.py                           0           1  0.10s           2026-02-27T00:41:23
================================================================================
[2026-02-27T00:42:07.052+0000] {manager.py:878} INFO - 
================================================================================
DAG File Processing Stats

File Path                             PID    Runtime      # DAGs    # Errors  Last Runtime    Last Run
------------------------------------  -----  ---------  --------  ----------  --------------  -------------------
/opt/airflow/dags/dag_film_digest.py                           0           1  0.10s           2026-02-27T00:41:53
================================================================================
[2026-02-27T00:42:35.399+0000] {manager.py:878} INFO - 
================================================================================
DAG File Processing Stats

File Path                             PID    Runtime      # DAGs    # Errors  Last Runtime    Last Run
------------------------------------  -----  ---------  --------  ----------  --------------  -------------------
/opt/airflow/dags/dag_film_digest.py                           0           1  0.14s           2026-02-27T00:42:24
================================================================================
[2026-02-27T00:42:51.353+0000] {manager.py:737} INFO - Searching for files in /opt/airflow/dags
[2026-02-27T00:42:51.362+0000] {manager.py:740} INFO - There are 1 files in /opt/airflow/dags
[2026-02-27T00:43:03.590+0000] {manager.py:878} INFO - 
================================================================================
DAG File Processing Stats

File Path                             PID    Runtime      # DAGs    # Errors  Last Runtime    Last Run
------------------------------------  -----  ---------  --------  ----------  --------------  -------------------
/opt/airflow/dags/dag_film_digest.py                           0           1  0.54s           2026-02-27T00:42:55
================================================================================
[2026-02-27T00:43:32.520+0000] {manager.py:878} INFO - 
================================================================================
DAG File Processing Stats

File Path                             PID    Runtime      # DAGs    # Errors  Last Runtime    Last Run
------------------------------------  -----  ---------  --------  ----------  --------------  -------------------
/opt/airflow/dags/dag_film_digest.py                           0           1  0.13s           2026-02-27T00:43:25
================================================================================
[2026-02-27T00:44:00.917+0000] {manager.py:878} INFO - 
================================================================================
DAG File Processing Stats

File Path                             PID    Runtime      # DAGs    # Errors  Last Runtime    Last Run
------------------------------------  -----  ---------  --------  ----------  --------------  -------------------
/opt/airflow/dags/dag_film_digest.py                           0           1  0.16s           2026-02-27T00:43:55
================================================================================
[2026-02-27T00:44:29.205+0000] {manager.py:878} INFO - 
================================================================================
DAG File Processing Stats

File Path                             PID    Runtime      # DAGs    # Errors  Last Runtime    Last Run
------------------------------------  -----  ---------  --------  ----------  --------------  -------------------
/opt/airflow/dags/dag_film_digest.py                           0           1  0.11s           2026-02-27T00:44:26
================================================================================
[2026-02-27T00:44:57.593+0000] {manager.py:878} INFO - 
================================================================================
DAG File Processing Stats

File Path                             PID    Runtime      # DAGs    # Errors  Last Runtime    Last Run
------------------------------------  -----  ---------  --------  ----------  --------------  -------------------
/opt/airflow/dags/dag_film_digest.py                           0           1  0.11s           2026-02-27T00:44:56
================================================================================
[2026-02-27T00:46:55.748+0000] {manager.py:470} INFO - Processing files using up to 2 processes at a time 
[2026-02-27T00:46:55.770+0000] {manager.py:471} INFO - Process each file at most once every 30 seconds
[2026-02-27T00:46:55.770+0000] {manager.py:472} INFO - Checking for new files in /opt/airflow/dags every 300 seconds
[2026-02-27T00:46:55.771+0000] {manager.py:737} INFO - Searching for files in /opt/airflow/dags
[2026-02-27T00:46:55.780+0000] {manager.py:740} INFO - There are 1 files in /opt/airflow/dags
[2026-02-27T00:46:56.553+0000] {manager.py:878} INFO - 
================================================================================
DAG File Processing Stats

File Path                             PID    Runtime      # DAGs    # Errors  Last Runtime    Last Run
------------------------------------  -----  ---------  --------  ----------  --------------  -------------------
/opt/airflow/dags/dag_film_digest.py                           0           1  0.32s           2026-02-27T00:46:56
================================================================================
[2026-02-27T00:47:24.684+0000] {manager.py:878} INFO - 
================================================================================
DAG File Processing Stats

File Path                             PID    Runtime      # DAGs    # Errors  Last Runtime    Last Run
------------------------------------  -----  ---------  --------  ----------  --------------  -------------------
/opt/airflow/dags/dag_film_digest.py                           0           1  0.32s           2026-02-27T00:46:56
================================================================================
[2026-02-27T00:47:53.055+0000] {manager.py:878} INFO - 
================================================================================
DAG File Processing Stats

File Path                             PID    Runtime      # DAGs    # Errors  Last Runtime    Last Run
------------------------------------  -----  ---------  --------  ----------  --------------  -------------------
/opt/airflow/dags/dag_film_digest.py                           0           1  0.19s           2026-02-27T00:47:26
================================================================================
[2026-02-27T00:48:21.263+0000] {manager.py:878} INFO - 
================================================================================
DAG File Processing Stats

File Path                             PID    Runtime      # DAGs    # Errors  Last Runtime    Last Run
------------------------------------  -----  ---------  --------  ----------  --------------  -------------------
/opt/airflow/dags/dag_film_digest.py                           0           1  0.12s           2026-02-27T00:47:57
================================================================================
[2026-02-27T00:48:49.682+0000] {manager.py:878} INFO - 
================================================================================
DAG File Processing Stats

File Path                             PID    Runtime      # DAGs    # Errors  Last Runtime    Last Run
------------------------------------  -----  ---------  --------  ----------  --------------  -------------------
/opt/airflow/dags/dag_film_digest.py                           0           1  0.24s           2026-02-27T00:48:27
================================================================================
[2026-02-27T00:49:17.986+0000] {manager.py:878} INFO - 
================================================================================
DAG File Processing Stats

File Path                             PID    Runtime      # DAGs    # Errors  Last Runtime    Last Run
------------------------------------  -----  ---------  --------  ----------  --------------  -------------------
/opt/airflow/dags/dag_film_digest.py                           0           1  0.14s           2026-02-27T00:48:57
================================================================================
[2026-02-27T00:49:46.278+0000] {manager.py:878} INFO - 
================================================================================
DAG File Processing Stats

File Path                             PID    Runtime      # DAGs    # Errors  Last Runtime    Last Run
------------------------------------  -----  ---------  --------  ----------  --------------  -------------------
/opt/airflow/dags/dag_film_digest.py                           0           1  0.08s           2026-02-27T00:49:28
================================================================================
[2026-02-27T00:50:14.565+0000] {manager.py:878} INFO - 
================================================================================
DAG File Processing Stats

File Path                             PID    Runtime      # DAGs    # Errors  Last Runtime    Last Run
------------------------------------  -----  ---------  --------  ----------  --------------  -------------------
/opt/airflow/dags/dag_film_digest.py                           0           1  0.09s           2026-02-27T00:49:58
================================================================================
[2026-02-27T00:50:42.851+0000] {manager.py:878} INFO - 
================================================================================
DAG File Processing Stats

File Path                             PID    Runtime      # DAGs    # Errors  Last Runtime    Last Run
------------------------------------  -----  ---------  --------  ----------  --------------  -------------------
/opt/airflow/dags/dag_film_digest.py                           0           1  0.08s           2026-02-27T00:50:28
================================================================================
[2026-02-27T00:51:11.086+0000] {manager.py:878} INFO - 
================================================================================
DAG File Processing Stats

File Path                             PID    Runtime      # DAGs    # Errors  Last Runtime    Last Run
------------------------------------  -----  ---------  --------  ----------  --------------  -------------------
/opt/airflow/dags/dag_film_digest.py                           0           1  0.14s           2026-02-27T00:50:59
================================================================================
[2026-02-27T00:51:39.355+0000] {manager.py:878} INFO - 
================================================================================
DAG File Processing Stats

File Path                             PID    Runtime      # DAGs    # Errors  Last Runtime    Last Run
------------------------------------  -----  ---------  --------  ----------  --------------  -------------------
/opt/airflow/dags/dag_film_digest.py                           0           1  0.14s           2026-02-27T00:51:29
================================================================================
[2026-02-27T00:51:56.487+0000] {manager.py:737} INFO - Searching for files in /opt/airflow/dags
[2026-02-27T00:51:56.489+0000] {manager.py:740} INFO - There are 1 files in /opt/airflow/dags
[2026-02-27T00:52:07.663+0000] {manager.py:878} INFO - 
================================================================================
DAG File Processing Stats

File Path                             PID    Runtime      # DAGs    # Errors  Last Runtime    Last Run
------------------------------------  -----  ---------  --------  ----------  --------------  -------------------
/opt/airflow/dags/dag_film_digest.py                           0           1  0.10s           2026-02-27T00:51:59
================================================================================
[2026-02-27T00:52:35.952+0000] {manager.py:878} INFO - 
================================================================================
DAG File Processing Stats

File Path                             PID    Runtime      # DAGs    # Errors  Last Runtime    Last Run
------------------------------------  -----  ---------  --------  ----------  --------------  -------------------
/opt/airflow/dags/dag_film_digest.py                           0           1  0.06s           2026-02-27T00:52:29
================================================================================
[2026-02-27T00:53:04.179+0000] {manager.py:878} INFO - 
================================================================================
DAG File Processing Stats

File Path                             PID    Runtime      # DAGs    # Errors  Last Runtime    Last Run
------------------------------------  -----  ---------  --------  ----------  --------------  -------------------
/opt/airflow/dags/dag_film_digest.py                           0           1  0.06s           2026-02-27T00:53:00
================================================================================
[2026-02-27T00:53:32.519+0000] {manager.py:878} INFO - 
================================================================================
DAG File Processing Stats

File Path                             PID    Runtime      # DAGs    # Errors  Last Runtime    Last Run
------------------------------------  -----  ---------  --------  ----------  --------------  -------------------
/opt/airflow/dags/dag_film_digest.py                           0           1  0.08s           2026-02-27T00:53:30
================================================================================
[2026-02-27T00:53:52.178+0000] {manager.py:452} INFO - Exiting gracefully upon receiving signal 15
[2026-02-27T00:58:19.164+0000] {manager.py:470} INFO - Processing files using up to 2 processes at a time 
[2026-02-27T00:58:19.169+0000] {manager.py:471} INFO - Process each file at most once every 30 seconds
[2026-02-27T00:58:19.169+0000] {manager.py:472} INFO - Checking for new files in /opt/airflow/dags every 300 seconds
[2026-02-27T00:58:19.169+0000] {manager.py:737} INFO - Searching for files in /opt/airflow/dags
[2026-02-27T00:58:19.173+0000] {manager.py:740} INFO - There are 1 files in /opt/airflow/dags
[2026-02-27T00:58:19.535+0000] {manager.py:878} INFO - 
================================================================================
DAG File Processing Stats

File Path                             PID    Runtime      # DAGs    # Errors  Last Runtime    Last Run
------------------------------------  -----  ---------  --------  ----------  --------------  -------------------
/opt/airflow/dags/dag_film_digest.py                           0           1  0.19s           2026-02-27T00:58:19
================================================================================
[2026-02-27T01:00:05.264+0000] {manager.py:470} INFO - Processing files using up to 2 processes at a time 
[2026-02-27T01:00:05.267+0000] {manager.py:471} INFO - Process each file at most once every 30 seconds
[2026-02-27T01:00:05.267+0000] {manager.py:472} INFO - Checking for new files in /opt/airflow/dags every 300 seconds
[2026-02-27T01:00:05.268+0000] {manager.py:737} INFO - Searching for files in /opt/airflow/dags
[2026-02-27T01:00:05.272+0000] {manager.py:740} INFO - There are 1 files in /opt/airflow/dags
[2026-02-27T01:00:05.772+0000] {manager.py:878} INFO - 
================================================================================
DAG File Processing Stats

File Path                               PID  Runtime      # DAGs    # Errors  Last Runtime    Last Run
------------------------------------  -----  ---------  --------  ----------  --------------  ----------
/opt/airflow/dags/dag_film_digest.py    158  0.16s             0           0
================================================================================
[2026-02-27T01:00:33.888+0000] {manager.py:878} INFO - 
================================================================================
DAG File Processing Stats

File Path                             PID    Runtime      # DAGs    # Errors  Last Runtime    Last Run
------------------------------------  -----  ---------  --------  ----------  --------------  -------------------
/opt/airflow/dags/dag_film_digest.py                           1           0  0.93s           2026-02-27T01:00:06
================================================================================
[2026-02-27T01:01:02.091+0000] {manager.py:878} INFO - 
================================================================================
DAG File Processing Stats

File Path                             PID    Runtime      # DAGs    # Errors  Last Runtime    Last Run
------------------------------------  -----  ---------  --------  ----------  --------------  -------------------
/opt/airflow/dags/dag_film_digest.py                           1           0  0.37s           2026-02-27T01:00:37
================================================================================
[2026-02-27T01:01:30.350+0000] {manager.py:878} INFO - 
================================================================================
DAG File Processing Stats

File Path                             PID    Runtime      # DAGs    # Errors  Last Runtime    Last Run
------------------------------------  -----  ---------  --------  ----------  --------------  -------------------
/opt/airflow/dags/dag_film_digest.py                           1           0  0.17s           2026-02-27T01:01:07
================================================================================
[2026-02-27T01:01:58.594+0000] {manager.py:878} INFO - 
================================================================================
DAG File Processing Stats

File Path                             PID    Runtime      # DAGs    # Errors  Last Runtime    Last Run
------------------------------------  -----  ---------  --------  ----------  --------------  -------------------
/opt/airflow/dags/dag_film_digest.py                           1           0  0.17s           2026-02-27T01:01:37
================================================================================
[2026-02-27T01:02:26.818+0000] {manager.py:878} INFO - 
================================================================================
DAG File Processing Stats

File Path                             PID    Runtime      # DAGs    # Errors  Last Runtime    Last Run
------------------------------------  -----  ---------  --------  ----------  --------------  -------------------
/opt/airflow/dags/dag_film_digest.py                           1           0  0.15s           2026-02-27T01:02:07
================================================================================
[2026-02-27T01:02:55.033+0000] {manager.py:878} INFO - 
================================================================================
DAG File Processing Stats

File Path                             PID    Runtime      # DAGs    # Errors  Last Runtime    Last Run
------------------------------------  -----  ---------  --------  ----------  --------------  -------------------
/opt/airflow/dags/dag_film_digest.py                           1           0  0.21s           2026-02-27T01:02:38
================================================================================
[2026-02-27T01:03:23.497+0000] {manager.py:878} INFO - 
================================================================================
DAG File Processing Stats

File Path                             PID    Runtime      # DAGs    # Errors  Last Runtime    Last Run
------------------------------------  -----  ---------  --------  ----------  --------------  -------------------
/opt/airflow/dags/dag_film_digest.py                           1           0  0.34s           2026-02-27T01:03:08
================================================================================
[2026-02-27T01:03:51.812+0000] {manager.py:878} INFO - 
================================================================================
DAG File Processing Stats

File Path                             PID    Runtime      # DAGs    # Errors  Last Runtime    Last Run
------------------------------------  -----  ---------  --------  ----------  --------------  -------------------
/opt/airflow/dags/dag_film_digest.py                           1           0  0.19s           2026-02-27T01:03:38
================================================================================
[2026-02-27T01:04:20.079+0000] {manager.py:878} INFO - 
================================================================================
DAG File Processing Stats

File Path                             PID    Runtime      # DAGs    # Errors  Last Runtime    Last Run
------------------------------------  -----  ---------  --------  ----------  --------------  -------------------
/opt/airflow/dags/dag_film_digest.py                           1           0  0.34s           2026-02-27T01:04:09
================================================================================
[2026-02-27T01:04:48.596+0000] {manager.py:878} INFO - 
================================================================================
DAG File Processing Stats

File Path                             PID    Runtime      # DAGs    # Errors  Last Runtime    Last Run
------------------------------------  -----  ---------  --------  ----------  --------------  -------------------
/opt/airflow/dags/dag_film_digest.py                           1           0  0.21s           2026-02-27T01:04:39
================================================================================
[2026-02-27T01:05:05.738+0000] {manager.py:737} INFO - Searching for files in /opt/airflow/dags
[2026-02-27T01:05:05.743+0000] {manager.py:740} INFO - There are 1 files in /opt/airflow/dags
[2026-02-27T01:05:16.981+0000] {manager.py:878} INFO - 
================================================================================
DAG File Processing Stats

File Path                             PID    Runtime      # DAGs    # Errors  Last Runtime    Last Run
------------------------------------  -----  ---------  --------  ----------  --------------  -------------------
/opt/airflow/dags/dag_film_digest.py                           1           0  0.23s           2026-02-27T01:05:10
================================================================================
[2026-02-27T01:05:45.286+0000] {manager.py:878} INFO - 
================================================================================
DAG File Processing Stats

File Path                             PID    Runtime      # DAGs    # Errors  Last Runtime    Last Run
------------------------------------  -----  ---------  --------  ----------  --------------  -------------------
/opt/airflow/dags/dag_film_digest.py                           1           0  0.21s           2026-02-27T01:05:40
================================================================================
[2026-02-27T01:06:13.635+0000] {manager.py:878} INFO - 
================================================================================
DAG File Processing Stats

File Path                             PID    Runtime      # DAGs    # Errors  Last Runtime    Last Run
------------------------------------  -----  ---------  --------  ----------  --------------  -------------------
/opt/airflow/dags/dag_film_digest.py                           1           0  0.30s           2026-02-27T01:06:10
================================================================================
[2026-02-27T01:06:42.062+0000] {manager.py:878} INFO - 
================================================================================
DAG File Processing Stats

File Path                             PID    Runtime      # DAGs    # Errors  Last Runtime    Last Run
------------------------------------  -----  ---------  --------  ----------  --------------  -------------------
/opt/airflow/dags/dag_film_digest.py                           1           0  0.23s           2026-02-27T01:06:41
================================================================================
[2026-02-27T01:07:10.281+0000] {manager.py:878} INFO - 
================================================================================
DAG File Processing Stats

File Path                             PID    Runtime      # DAGs    # Errors  Last Runtime    Last Run
------------------------------------  -----  ---------  --------  ----------  --------------  -------------------
/opt/airflow/dags/dag_film_digest.py                           1           0  0.23s           2026-02-27T01:06:41
================================================================================
[2026-02-27T01:07:38.473+0000] {manager.py:878} INFO - 
================================================================================
DAG File Processing Stats

File Path                             PID    Runtime      # DAGs    # Errors  Last Runtime    Last Run
------------------------------------  -----  ---------  --------  ----------  --------------  -------------------
/opt/airflow/dags/dag_film_digest.py                           1           0  0.19s           2026-02-27T01:07:11
================================================================================
[2026-02-27T01:08:06.854+0000] {manager.py:878} INFO - 
================================================================================
DAG File Processing Stats

File Path                             PID    Runtime      # DAGs    # Errors  Last Runtime    Last Run
------------------------------------  -----  ---------  --------  ----------  --------------  -------------------
/opt/airflow/dags/dag_film_digest.py                           1           0  0.28s           2026-02-27T01:07:41
================================================================================
[2026-02-27T01:08:35.082+0000] {manager.py:878} INFO - 
================================================================================
DAG File Processing Stats

File Path                             PID    Runtime      # DAGs    # Errors  Last Runtime    Last Run
------------------------------------  -----  ---------  --------  ----------  --------------  -------------------
/opt/airflow/dags/dag_film_digest.py                           1           0  0.18s           2026-02-27T01:08:12
================================================================================
[2026-02-27T01:09:03.443+0000] {manager.py:878} INFO - 
================================================================================
DAG File Processing Stats

File Path                             PID    Runtime      # DAGs    # Errors  Last Runtime    Last Run
------------------------------------  -----  ---------  --------  ----------  --------------  -------------------
/opt/airflow/dags/dag_film_digest.py                           1           0  0.21s           2026-02-27T01:08:42
================================================================================
[2026-02-27T01:09:31.669+0000] {manager.py:878} INFO - 
================================================================================
DAG File Processing Stats

File Path                             PID    Runtime      # DAGs    # Errors  Last Runtime    Last Run
------------------------------------  -----  ---------  --------  ----------  --------------  -------------------
/opt/airflow/dags/dag_film_digest.py                           1           0  0.23s           2026-02-27T01:09:12
================================================================================
[2026-02-27T01:10:00.051+0000] {manager.py:878} INFO - 
================================================================================
DAG File Processing Stats

File Path                             PID    Runtime      # DAGs    # Errors  Last Runtime    Last Run
------------------------------------  -----  ---------  --------  ----------  --------------  -------------------
/opt/airflow/dags/dag_film_digest.py                           1           0  0.20s           2026-02-27T01:09:43
================================================================================
[2026-02-27T01:10:06.096+0000] {manager.py:737} INFO - Searching for files in /opt/airflow/dags
[2026-02-27T01:10:06.099+0000] {manager.py:740} INFO - There are 1 files in /opt/airflow/dags
[2026-02-27T01:10:28.348+0000] {manager.py:878} INFO - 
================================================================================
DAG File Processing Stats

File Path                             PID    Runtime      # DAGs    # Errors  Last Runtime    Last Run
------------------------------------  -----  ---------  --------  ----------  --------------  -------------------
/opt/airflow/dags/dag_film_digest.py                           1           0  0.23s           2026-02-27T01:10:13
================================================================================
[2026-02-27T01:10:56.635+0000] {manager.py:878} INFO - 
================================================================================
DAG File Processing Stats

File Path                             PID    Runtime      # DAGs    # Errors  Last Runtime    Last Run
------------------------------------  -----  ---------  --------  ----------  --------------  -------------------
/opt/airflow/dags/dag_film_digest.py                           1           0  0.21s           2026-02-27T01:10:43
================================================================================
[2026-02-27T01:11:24.981+0000] {manager.py:878} INFO - 
================================================================================
DAG File Processing Stats

File Path                             PID    Runtime      # DAGs    # Errors  Last Runtime    Last Run
------------------------------------  -----  ---------  --------  ----------  --------------  -------------------
/opt/airflow/dags/dag_film_digest.py                           1           0  0.25s           2026-02-27T01:11:14
================================================================================
[2026-02-27T05:50:05.521+0000] {manager.py:737} INFO - Searching for files in /opt/airflow/dags
[2026-02-27T05:50:05.723+0000] {manager.py:740} INFO - There are 1 files in /opt/airflow/dags
[2026-02-27T05:50:06.114+0000] {manager.py:878} INFO - 
================================================================================
DAG File Processing Stats

File Path                               PID  Runtime      # DAGs    # Errors  Last Runtime    Last Run
------------------------------------  -----  ---------  --------  ----------  --------------  -------------------
/opt/airflow/dags/dag_film_digest.py    273  0.31s             1           0  0.25s           2026-02-27T01:11:14
================================================================================
[2026-02-27T15:54:44.952+0000] {manager.py:737} INFO - Searching for files in /opt/airflow/dags
[2026-02-27T15:54:45.244+0000] {manager.py:740} INFO - There are 1 files in /opt/airflow/dags
[2026-02-27T15:54:45.911+0000] {manager.py:1203} ERROR - Processor for /opt/airflow/dags/dag_film_digest.py with PID 273 started at 2026-02-27T05:50:05.801165+00:00 has timed out, killing it.
[2026-02-27T15:54:46.088+0000] {manager.py:878} INFO - 
================================================================================
DAG File Processing Stats

File Path                             PID    Runtime      # DAGs    # Errors  Last Runtime    Last Run
------------------------------------  -----  ---------  --------  ----------  --------------  -------------------
/opt/airflow/dags/dag_film_digest.py                           0           1  36279.99s       2026-02-27T15:54:45
================================================================================
[2026-02-27T15:55:13.532+0000] {manager.py:878} INFO - 
================================================================================
DAG File Processing Stats

File Path                             PID    Runtime      # DAGs    # Errors  Last Runtime    Last Run
------------------------------------  -----  ---------  --------  ----------  --------------  -------------------
/opt/airflow/dags/dag_film_digest.py                           0           1  36279.99s       2026-02-27T15:54:45
================================================================================
[2026-02-27T15:55:43.823+0000] {manager.py:878} INFO - 
================================================================================
DAG File Processing Stats

File Path                             PID    Runtime      # DAGs    # Errors  Last Runtime    Last Run
------------------------------------  -----  ---------  --------  ----------  --------------  -------------------
/opt/airflow/dags/dag_film_digest.py                           1           0  2.24s           2026-02-27T15:55:18
================================================================================
[2026-02-27T15:56:14.091+0000] {manager.py:878} INFO - 
================================================================================
DAG File Processing Stats

File Path                             PID    Runtime      # DAGs    # Errors  Last Runtime    Last Run
------------------------------------  -----  ---------  --------  ----------  --------------  -------------------
/opt/airflow/dags/dag_film_digest.py                           1           0  0.22s           2026-02-27T15:55:49
================================================================================
[2026-02-27T15:56:44.427+0000] {manager.py:878} INFO - 
================================================================================
DAG File Processing Stats

File Path                             PID    Runtime      # DAGs    # Errors  Last Runtime    Last Run
------------------------------------  -----  ---------  --------  ----------  --------------  -------------------
/opt/airflow/dags/dag_film_digest.py                           1           0  0.21s           2026-02-27T15:56:19
================================================================================
[2026-02-27T15:57:14.659+0000] {manager.py:878} INFO - 
================================================================================
DAG File Processing Stats

File Path                             PID    Runtime      # DAGs    # Errors  Last Runtime    Last Run
------------------------------------  -----  ---------  --------  ----------  --------------  -------------------
/opt/airflow/dags/dag_film_digest.py                           1           0  0.29s           2026-02-27T15:56:49
================================================================================
[2026-02-27T15:57:45.077+0000] {manager.py:878} INFO - 
================================================================================
DAG File Processing Stats

File Path                             PID    Runtime      # DAGs    # Errors  Last Runtime    Last Run
------------------------------------  -----  ---------  --------  ----------  --------------  -------------------
/opt/airflow/dags/dag_film_digest.py                           1           0  1.78s           2026-02-27T15:57:21
================================================================================
[2026-02-27T15:58:15.275+0000] {manager.py:878} INFO - 
================================================================================
DAG File Processing Stats

File Path                             PID    Runtime      # DAGs    # Errors  Last Runtime    Last Run
------------------------------------  -----  ---------  --------  ----------  --------------  -------------------
/opt/airflow/dags/dag_film_digest.py                           1           0  0.63s           2026-02-27T15:57:52
================================================================================
[2026-02-27T15:58:46.027+0000] {manager.py:878} INFO - 
================================================================================
DAG File Processing Stats

File Path                             PID    Runtime      # DAGs    # Errors  Last Runtime    Last Run
------------------------------------  -----  ---------  --------  ----------  --------------  -------------------
/opt/airflow/dags/dag_film_digest.py                           1           0  0.17s           2026-02-27T15:58:23
================================================================================
[2026-02-27T15:59:16.342+0000] {manager.py:878} INFO - 
================================================================================
DAG File Processing Stats

File Path                             PID    Runtime      # DAGs    # Errors  Last Runtime    Last Run
------------------------------------  -----  ---------  --------  ----------  --------------  -------------------
/opt/airflow/dags/dag_film_digest.py                           1           0  0.13s           2026-02-27T15:58:53
================================================================================
[2026-02-27T15:59:45.623+0000] {manager.py:737} INFO - Searching for files in /opt/airflow/dags
[2026-02-27T15:59:45.627+0000] {manager.py:740} INFO - There are 1 files in /opt/airflow/dags
[2026-02-27T15:59:46.657+0000] {manager.py:878} INFO - 
================================================================================
DAG File Processing Stats

File Path                             PID    Runtime      # DAGs    # Errors  Last Runtime    Last Run
------------------------------------  -----  ---------  --------  ----------  --------------  -------------------
/opt/airflow/dags/dag_film_digest.py                           1           0  0.17s           2026-02-27T15:59:31
================================================================================
[2026-02-27T16:00:16.900+0000] {manager.py:878} INFO - 
================================================================================
DAG File Processing Stats

File Path                             PID    Runtime      # DAGs    # Errors  Last Runtime    Last Run
------------------------------------  -----  ---------  --------  ----------  --------------  -------------------
/opt/airflow/dags/dag_film_digest.py                           1           0  0.21s           2026-02-27T16:00:01
================================================================================
[2026-02-27T16:00:47.164+0000] {manager.py:878} INFO - 
================================================================================
DAG File Processing Stats

File Path                             PID    Runtime      # DAGs    # Errors  Last Runtime    Last Run
------------------------------------  -----  ---------  --------  ----------  --------------  -------------------
/opt/airflow/dags/dag_film_digest.py                           1           0  0.32s           2026-02-27T16:00:32
================================================================================
[2026-02-27T16:01:17.527+0000] {manager.py:878} INFO - 
================================================================================
DAG File Processing Stats

File Path                             PID    Runtime      # DAGs    # Errors  Last Runtime    Last Run
------------------------------------  -----  ---------  --------  ----------  --------------  -------------------
/opt/airflow/dags/dag_film_digest.py                           1           0  0.17s           2026-02-27T16:01:02
================================================================================
[2026-02-27T16:01:47.828+0000] {manager.py:878} INFO - 
================================================================================
DAG File Processing Stats

File Path                             PID    Runtime      # DAGs    # Errors  Last Runtime    Last Run
------------------------------------  -----  ---------  --------  ----------  --------------  -------------------
/opt/airflow/dags/dag_film_digest.py                           1           0  0.13s           2026-02-27T16:01:32
================================================================================
[2026-02-27T16:02:18.097+0000] {manager.py:878} INFO - 
================================================================================
DAG File Processing Stats

File Path                             PID    Runtime      # DAGs    # Errors  Last Runtime    Last Run
------------------------------------  -----  ---------  --------  ----------  --------------  -------------------
/opt/airflow/dags/dag_film_digest.py                           1           0  0.18s           2026-02-27T16:02:03
================================================================================
[2026-02-27T16:02:48.284+0000] {manager.py:878} INFO - 
================================================================================
DAG File Processing Stats

File Path                             PID    Runtime      # DAGs    # Errors  Last Runtime    Last Run
------------------------------------  -----  ---------  --------  ----------  --------------  -------------------
/opt/airflow/dags/dag_film_digest.py                           1           0  0.12s           2026-02-27T16:02:33
================================================================================
[2026-02-27T16:03:18.514+0000] {manager.py:878} INFO - 
================================================================================
DAG File Processing Stats

File Path                             PID    Runtime      # DAGs    # Errors  Last Runtime    Last Run
------------------------------------  -----  ---------  --------  ----------  --------------  -------------------
/opt/airflow/dags/dag_film_digest.py                           1           0  0.12s           2026-02-27T16:03:03
================================================================================
[2026-02-27T16:03:48.694+0000] {manager.py:878} INFO - 
================================================================================
DAG File Processing Stats

File Path                             PID    Runtime      # DAGs    # Errors  Last Runtime    Last Run
------------------------------------  -----  ---------  --------  ----------  --------------  -------------------
/opt/airflow/dags/dag_film_digest.py                           1           0  0.13s           2026-02-27T16:03:33
================================================================================
[2026-02-27T16:04:18.902+0000] {manager.py:878} INFO - 
================================================================================
DAG File Processing Stats

File Path                             PID    Runtime      # DAGs    # Errors  Last Runtime    Last Run
------------------------------------  -----  ---------  --------  ----------  --------------  -------------------
/opt/airflow/dags/dag_film_digest.py                           1           0  0.14s           2026-02-27T16:04:03
================================================================================
[2026-02-27T16:04:46.099+0000] {manager.py:737} INFO - Searching for files in /opt/airflow/dags
[2026-02-27T16:04:46.100+0000] {manager.py:740} INFO - There are 1 files in /opt/airflow/dags
[2026-02-27T16:04:49.134+0000] {manager.py:878} INFO - 
================================================================================
DAG File Processing Stats

File Path                             PID    Runtime      # DAGs    # Errors  Last Runtime    Last Run
------------------------------------  -----  ---------  --------  ----------  --------------  -------------------
/opt/airflow/dags/dag_film_digest.py                           1           0  0.15s           2026-02-27T16:04:34
================================================================================
[2026-02-27T16:05:19.340+0000] {manager.py:878} INFO - 
================================================================================
DAG File Processing Stats

File Path                             PID    Runtime      # DAGs    # Errors  Last Runtime    Last Run
------------------------------------  -----  ---------  --------  ----------  --------------  -------------------
/opt/airflow/dags/dag_film_digest.py                           1           0  0.13s           2026-02-27T16:05:04
================================================================================
[2026-02-27T16:05:49.548+0000] {manager.py:878} INFO - 
================================================================================
DAG File Processing Stats

File Path                             PID    Runtime      # DAGs    # Errors  Last Runtime    Last Run
------------------------------------  -----  ---------  --------  ----------  --------------  -------------------
/opt/airflow/dags/dag_film_digest.py                           1           0  0.13s           2026-02-27T16:05:34
================================================================================
[2026-02-27T16:06:19.752+0000] {manager.py:878} INFO - 
================================================================================
DAG File Processing Stats

File Path                             PID    Runtime      # DAGs    # Errors  Last Runtime    Last Run
------------------------------------  -----  ---------  --------  ----------  --------------  -------------------
/opt/airflow/dags/dag_film_digest.py                           1           0  0.13s           2026-02-27T16:06:04
================================================================================
[2026-02-27T16:06:50.021+0000] {manager.py:878} INFO - 
================================================================================
DAG File Processing Stats

File Path                             PID    Runtime      # DAGs    # Errors  Last Runtime    Last Run
------------------------------------  -----  ---------  --------  ----------  --------------  -------------------
/opt/airflow/dags/dag_film_digest.py                           1           0  0.31s           2026-02-27T16:06:35
================================================================================
[2026-02-27T16:07:20.423+0000] {manager.py:878} INFO - 
================================================================================
DAG File Processing Stats

File Path                             PID    Runtime      # DAGs    # Errors  Last Runtime    Last Run
------------------------------------  -----  ---------  --------  ----------  --------------  -------------------
/opt/airflow/dags/dag_film_digest.py                           1           0  0.28s           2026-02-27T16:07:05
================================================================================
[2026-02-27T16:07:50.862+0000] {manager.py:878} INFO - 
================================================================================
DAG File Processing Stats

File Path                             PID    Runtime      # DAGs    # Errors  Last Runtime    Last Run
------------------------------------  -----  ---------  --------  ----------  --------------  -------------------
/opt/airflow/dags/dag_film_digest.py                           1           0  0.12s           2026-02-27T16:07:35
================================================================================
[2026-02-27T16:08:21.149+0000] {manager.py:878} INFO - 
================================================================================
DAG File Processing Stats

File Path                             PID    Runtime      # DAGs    # Errors  Last Runtime    Last Run
------------------------------------  -----  ---------  --------  ----------  --------------  -------------------
/opt/airflow/dags/dag_film_digest.py                           1           0  0.11s           2026-02-27T16:08:06
================================================================================
[2026-02-27T16:08:51.385+0000] {manager.py:878} INFO - 
================================================================================
DAG File Processing Stats

File Path                             PID    Runtime      # DAGs    # Errors  Last Runtime    Last Run
------------------------------------  -----  ---------  --------  ----------  --------------  -------------------
/opt/airflow/dags/dag_film_digest.py                           1           0  0.11s           2026-02-27T16:08:36
================================================================================
[2026-02-27T16:09:21.655+0000] {manager.py:878} INFO - 
================================================================================
DAG File Processing Stats

File Path                             PID    Runtime      # DAGs    # Errors  Last Runtime    Last Run
------------------------------------  -----  ---------  --------  ----------  --------------  -------------------
/opt/airflow/dags/dag_film_digest.py                           1           0  0.11s           2026-02-27T16:09:06
================================================================================
[2026-02-27T16:09:46.849+0000] {manager.py:737} INFO - Searching for files in /opt/airflow/dags
[2026-02-27T16:09:46.852+0000] {manager.py:740} INFO - There are 1 files in /opt/airflow/dags
[2026-02-27T16:09:51.891+0000] {manager.py:878} INFO - 
================================================================================
DAG File Processing Stats

File Path                             PID    Runtime      # DAGs    # Errors  Last Runtime    Last Run
------------------------------------  -----  ---------  --------  ----------  --------------  -------------------
/opt/airflow/dags/dag_film_digest.py                           1           0  0.11s           2026-02-27T16:09:36
================================================================================
[2026-02-27T16:10:22.096+0000] {manager.py:878} INFO - 
================================================================================
DAG File Processing Stats

File Path                             PID    Runtime      # DAGs    # Errors  Last Runtime    Last Run
------------------------------------  -----  ---------  --------  ----------  --------------  -------------------
/opt/airflow/dags/dag_film_digest.py                           1           0  0.24s           2026-02-27T16:10:07
================================================================================
[2026-02-27T16:10:52.405+0000] {manager.py:878} INFO - 
================================================================================
DAG File Processing Stats

File Path                             PID    Runtime      # DAGs    # Errors  Last Runtime    Last Run
------------------------------------  -----  ---------  --------  ----------  --------------  -------------------
/opt/airflow/dags/dag_film_digest.py                           1           0  0.15s           2026-02-27T16:10:37
================================================================================
[2026-02-27T16:11:22.674+0000] {manager.py:878} INFO - 
================================================================================
DAG File Processing Stats

File Path                             PID    Runtime      # DAGs    # Errors  Last Runtime    Last Run
------------------------------------  -----  ---------  --------  ----------  --------------  -------------------
/opt/airflow/dags/dag_film_digest.py                           1           0  0.20s           2026-02-27T16:11:07
================================================================================
[2026-02-27T16:11:52.999+0000] {manager.py:878} INFO - 
================================================================================
DAG File Processing Stats

File Path                             PID    Runtime      # DAGs    # Errors  Last Runtime    Last Run
------------------------------------  -----  ---------  --------  ----------  --------------  -------------------
/opt/airflow/dags/dag_film_digest.py                           1           0  0.26s           2026-02-27T16:11:38
================================================================================
[2026-02-27T16:12:23.383+0000] {manager.py:878} INFO - 
================================================================================
DAG File Processing Stats

File Path                             PID    Runtime      # DAGs    # Errors  Last Runtime    Last Run
------------------------------------  -----  ---------  --------  ----------  --------------  -------------------
/opt/airflow/dags/dag_film_digest.py                           1           0  0.15s           2026-02-27T16:12:08
================================================================================
[2026-02-27T16:12:53.627+0000] {manager.py:878} INFO - 
================================================================================
DAG File Processing Stats

File Path                             PID    Runtime      # DAGs    # Errors  Last Runtime    Last Run
------------------------------------  -----  ---------  --------  ----------  --------------  -------------------
/opt/airflow/dags/dag_film_digest.py                           1           0  0.15s           2026-02-27T16:12:38
================================================================================
[2026-02-27T16:13:23.759+0000] {manager.py:878} INFO - 
================================================================================
DAG File Processing Stats

File Path                             PID    Runtime      # DAGs    # Errors  Last Runtime    Last Run
------------------------------------  -----  ---------  --------  ----------  --------------  -------------------
/opt/airflow/dags/dag_film_digest.py                           1           0  0.14s           2026-02-27T16:13:08
================================================================================
[2026-02-27T16:13:54.026+0000] {manager.py:878} INFO - 
================================================================================
DAG File Processing Stats

File Path                             PID    Runtime      # DAGs    # Errors  Last Runtime    Last Run
------------------------------------  -----  ---------  --------  ----------  --------------  -------------------
/opt/airflow/dags/dag_film_digest.py                           1           0  0.12s           2026-02-27T16:13:39
================================================================================
[2026-02-27T16:14:24.314+0000] {manager.py:878} INFO - 
================================================================================
DAG File Processing Stats

File Path                             PID    Runtime      # DAGs    # Errors  Last Runtime    Last Run
------------------------------------  -----  ---------  --------  ----------  --------------  -------------------
/opt/airflow/dags/dag_film_digest.py                           1           0  0.14s           2026-02-27T16:14:09
================================================================================
[2026-02-27T16:14:47.504+0000] {manager.py:737} INFO - Searching for files in /opt/airflow/dags
[2026-02-27T16:14:47.507+0000] {manager.py:740} INFO - There are 1 files in /opt/airflow/dags
[2026-02-27T16:14:54.568+0000] {manager.py:878} INFO - 
================================================================================
DAG File Processing Stats

File Path                             PID    Runtime      # DAGs    # Errors  Last Runtime    Last Run
------------------------------------  -----  ---------  --------  ----------  --------------  -------------------
/opt/airflow/dags/dag_film_digest.py                           1           0  0.11s           2026-02-27T16:14:39
================================================================================
[2026-02-27T16:15:24.762+0000] {manager.py:878} INFO - 
================================================================================
DAG File Processing Stats

File Path                             PID    Runtime      # DAGs    # Errors  Last Runtime    Last Run
------------------------------------  -----  ---------  --------  ----------  --------------  -------------------
/opt/airflow/dags/dag_film_digest.py                           1           0  0.11s           2026-02-27T16:15:09
================================================================================
[2026-02-27T16:15:55.028+0000] {manager.py:878} INFO - 
================================================================================
DAG File Processing Stats

File Path                             PID    Runtime      # DAGs    # Errors  Last Runtime    Last Run
------------------------------------  -----  ---------  --------  ----------  --------------  -------------------
/opt/airflow/dags/dag_film_digest.py                           1           0  0.12s           2026-02-27T16:15:39
================================================================================
[2026-02-27T16:16:25.254+0000] {manager.py:878} INFO - 
================================================================================
DAG File Processing Stats

File Path                             PID    Runtime      # DAGs    # Errors  Last Runtime    Last Run
------------------------------------  -----  ---------  --------  ----------  --------------  -------------------
/opt/airflow/dags/dag_film_digest.py                           1           0  0.11s           2026-02-27T16:16:10
================================================================================
[2026-02-27T16:16:55.529+0000] {manager.py:878} INFO - 
================================================================================
DAG File Processing Stats

File Path                             PID    Runtime      # DAGs    # Errors  Last Runtime    Last Run
------------------------------------  -----  ---------  --------  ----------  --------------  -------------------
/opt/airflow/dags/dag_film_digest.py                           1           0  0.12s           2026-02-27T16:16:40
================================================================================
[2026-02-27T16:17:25.769+0000] {manager.py:878} INFO - 
================================================================================
DAG File Processing Stats

File Path                             PID    Runtime      # DAGs    # Errors  Last Runtime    Last Run
------------------------------------  -----  ---------  --------  ----------  --------------  -------------------
/opt/airflow/dags/dag_film_digest.py                           1           0  0.12s           2026-02-27T16:17:10
================================================================================
[2026-02-27T16:17:56.049+0000] {manager.py:878} INFO - 
================================================================================
DAG File Processing Stats

File Path                             PID    Runtime      # DAGs    # Errors  Last Runtime    Last Run
------------------------------------  -----  ---------  --------  ----------  --------------  -------------------
/opt/airflow/dags/dag_film_digest.py                           1           0  0.12s           2026-02-27T16:17:40
================================================================================
[2026-02-27T16:18:26.295+0000] {manager.py:878} INFO - 
================================================================================
DAG File Processing Stats

File Path                             PID    Runtime      # DAGs    # Errors  Last Runtime    Last Run
------------------------------------  -----  ---------  --------  ----------  --------------  -------------------
/opt/airflow/dags/dag_film_digest.py                           1           0  0.10s           2026-02-27T16:18:11
================================================================================
[2026-02-27T16:18:56.544+0000] {manager.py:878} INFO - 
================================================================================
DAG File Processing Stats

File Path                             PID    Runtime      # DAGs    # Errors  Last Runtime    Last Run
------------------------------------  -----  ---------  --------  ----------  --------------  -------------------
/opt/airflow/dags/dag_film_digest.py                           1           0  0.11s           2026-02-27T16:18:41
================================================================================
[2026-02-27T16:19:26.779+0000] {manager.py:878} INFO - 
================================================================================
DAG File Processing Stats

File Path                             PID    Runtime      # DAGs    # Errors  Last Runtime    Last Run
------------------------------------  -----  ---------  --------  ----------  --------------  -------------------
/opt/airflow/dags/dag_film_digest.py                           1           0  0.12s           2026-02-27T16:19:11
================================================================================
[2026-02-27T16:19:47.978+0000] {manager.py:737} INFO - Searching for files in /opt/airflow/dags
[2026-02-27T16:19:47.981+0000] {manager.py:740} INFO - There are 1 files in /opt/airflow/dags
[2026-02-27T16:19:57.052+0000] {manager.py:878} INFO - 
================================================================================
DAG File Processing Stats

File Path                             PID    Runtime      # DAGs    # Errors  Last Runtime    Last Run
------------------------------------  -----  ---------  --------  ----------  --------------  -------------------
/opt/airflow/dags/dag_film_digest.py                           1           0  0.10s           2026-02-27T16:19:41
================================================================================
[2026-02-27T16:20:27.263+0000] {manager.py:878} INFO - 
================================================================================
DAG File Processing Stats

File Path                             PID    Runtime      # DAGs    # Errors  Last Runtime    Last Run
------------------------------------  -----  ---------  --------  ----------  --------------  -------------------
/opt/airflow/dags/dag_film_digest.py                           1           0  0.10s           2026-02-27T16:20:12
================================================================================
[2026-02-27T16:20:57.528+0000] {manager.py:878} INFO - 
================================================================================
DAG File Processing Stats

File Path                             PID    Runtime      # DAGs    # Errors  Last Runtime    Last Run
------------------------------------  -----  ---------  --------  ----------  --------------  -------------------
/opt/airflow/dags/dag_film_digest.py                           1           0  0.11s           2026-02-27T16:20:42
================================================================================
[2026-02-27T16:21:27.759+0000] {manager.py:878} INFO - 
================================================================================
DAG File Processing Stats

File Path                             PID    Runtime      # DAGs    # Errors  Last Runtime    Last Run
------------------------------------  -----  ---------  --------  ----------  --------------  -------------------
/opt/airflow/dags/dag_film_digest.py                           1           0  0.18s           2026-02-27T16:21:12
================================================================================
[2026-02-27T16:21:57.617+0000] {manager.py:878} INFO - 
================================================================================
DAG File Processing Stats

File Path                             PID    Runtime      # DAGs    # Errors  Last Runtime    Last Run
------------------------------------  -----  ---------  --------  ----------  --------------  -------------------
/opt/airflow/dags/dag_film_digest.py                           1           0  0.12s           2026-02-27T16:21:43
================================================================================
[2026-02-27T16:22:27.865+0000] {manager.py:878} INFO - 
================================================================================
DAG File Processing Stats

File Path                             PID    Runtime      # DAGs    # Errors  Last Runtime    Last Run
------------------------------------  -----  ---------  --------  ----------  --------------  -------------------
/opt/airflow/dags/dag_film_digest.py                           1           0  0.11s           2026-02-27T16:22:13
================================================================================
[2026-02-27T16:22:58.096+0000] {manager.py:878} INFO - 
================================================================================
DAG File Processing Stats

File Path                             PID    Runtime      # DAGs    # Errors  Last Runtime    Last Run
------------------------------------  -----  ---------  --------  ----------  --------------  -------------------
/opt/airflow/dags/dag_film_digest.py                           1           0  0.27s           2026-02-27T16:22:44
================================================================================
[2026-02-27T16:23:28.543+0000] {manager.py:878} INFO - 
================================================================================
DAG File Processing Stats

File Path                             PID    Runtime      # DAGs    # Errors  Last Runtime    Last Run
------------------------------------  -----  ---------  --------  ----------  --------------  -------------------
/opt/airflow/dags/dag_film_digest.py                           1           0  0.11s           2026-02-27T16:23:14
================================================================================
[2026-02-27T16:23:58.840+0000] {manager.py:878} INFO - 
================================================================================
DAG File Processing Stats

File Path                             PID    Runtime      # DAGs    # Errors  Last Runtime    Last Run
------------------------------------  -----  ---------  --------  ----------  --------------  -------------------
/opt/airflow/dags/dag_film_digest.py                           1           0  0.10s           2026-02-27T16:23:44
================================================================================
[2026-02-27T16:24:29.053+0000] {manager.py:878} INFO - 
================================================================================
DAG File Processing Stats

File Path                             PID    Runtime      # DAGs    # Errors  Last Runtime    Last Run
------------------------------------  -----  ---------  --------  ----------  --------------  -------------------
/opt/airflow/dags/dag_film_digest.py                           1           0  0.10s           2026-02-27T16:24:15
================================================================================
[2026-02-27T16:24:48.226+0000] {manager.py:737} INFO - Searching for files in /opt/airflow/dags
[2026-02-27T16:24:48.228+0000] {manager.py:740} INFO - There are 1 files in /opt/airflow/dags
[2026-02-27T16:24:59.312+0000] {manager.py:878} INFO - 
================================================================================
DAG File Processing Stats

File Path                             PID    Runtime      # DAGs    # Errors  Last Runtime    Last Run
------------------------------------  -----  ---------  --------  ----------  --------------  -------------------
/opt/airflow/dags/dag_film_digest.py                           1           0  0.14s           2026-02-27T16:24:45
================================================================================
[2026-02-27T16:25:29.531+0000] {manager.py:878} INFO - 
================================================================================
DAG File Processing Stats

File Path                             PID    Runtime      # DAGs    # Errors  Last Runtime    Last Run
------------------------------------  -----  ---------  --------  ----------  --------------  -------------------
/opt/airflow/dags/dag_film_digest.py                           1           0  0.14s           2026-02-27T16:25:15
================================================================================
[2026-02-27T16:25:59.779+0000] {manager.py:878} INFO - 
================================================================================
DAG File Processing Stats

File Path                             PID    Runtime      # DAGs    # Errors  Last Runtime    Last Run
------------------------------------  -----  ---------  --------  ----------  --------------  -------------------
/opt/airflow/dags/dag_film_digest.py                           1           0  0.12s           2026-02-27T16:25:45
================================================================================
[2026-02-27T16:26:30.001+0000] {manager.py:878} INFO - 
================================================================================
DAG File Processing Stats

File Path                             PID    Runtime      # DAGs    # Errors  Last Runtime    Last Run
------------------------------------  -----  ---------  --------  ----------  --------------  -------------------
/opt/airflow/dags/dag_film_digest.py                           1           0  0.12s           2026-02-27T16:26:15
================================================================================
[2026-02-27T16:27:00.221+0000] {manager.py:878} INFO - 
================================================================================
DAG File Processing Stats

File Path                             PID    Runtime      # DAGs    # Errors  Last Runtime    Last Run
------------------------------------  -----  ---------  --------  ----------  --------------  -------------------
/opt/airflow/dags/dag_film_digest.py                           1           0  0.12s           2026-02-27T16:26:46
================================================================================
[2026-02-27T16:27:30.422+0000] {manager.py:878} INFO - 
================================================================================
DAG File Processing Stats

File Path                             PID    Runtime      # DAGs    # Errors  Last Runtime    Last Run
------------------------------------  -----  ---------  --------  ----------  --------------  -------------------
/opt/airflow/dags/dag_film_digest.py                           1           0  0.14s           2026-02-27T16:27:16
================================================================================
[2026-02-27T16:49:05.277+0000] {manager.py:737} INFO - Searching for files in /opt/airflow/dags
[2026-02-27T16:49:05.279+0000] {manager.py:740} INFO - There are 1 files in /opt/airflow/dags
[2026-02-27T16:49:05.734+0000] {manager.py:878} INFO - 
================================================================================
DAG File Processing Stats

File Path                               PID  Runtime      # DAGs    # Errors  Last Runtime    Last Run
------------------------------------  -----  ---------  --------  ----------  --------------  -------------------
/opt/airflow/dags/dag_film_digest.py    604  0.04s             1           0  0.14s           2026-02-27T16:27:16
================================================================================
[2026-02-27T16:49:36.003+0000] {manager.py:878} INFO - 
================================================================================
DAG File Processing Stats

File Path                             PID    Runtime      # DAGs    # Errors  Last Runtime    Last Run
------------------------------------  -----  ---------  --------  ----------  --------------  -------------------
/opt/airflow/dags/dag_film_digest.py                           1           0  3.15s           2026-02-27T16:49:08
================================================================================
[2026-02-27T16:50:06.411+0000] {manager.py:878} INFO - 
================================================================================
DAG File Processing Stats

File Path                             PID    Runtime      # DAGs    # Errors  Last Runtime    Last Run
------------------------------------  -----  ---------  --------  ----------  --------------  -------------------
/opt/airflow/dags/dag_film_digest.py                           1           0  11.35s          2026-02-27T16:49:50
================================================================================
[2026-02-27T16:50:36.759+0000] {manager.py:878} INFO - 
================================================================================
DAG File Processing Stats

File Path                             PID    Runtime      # DAGs    # Errors  Last Runtime    Last Run
------------------------------------  -----  ---------  --------  ----------  --------------  -------------------
/opt/airflow/dags/dag_film_digest.py                           1           0  0.49s           2026-02-27T16:50:21
================================================================================
[2026-02-27T16:51:07.321+0000] {manager.py:878} INFO - 
================================================================================
DAG File Processing Stats

File Path                             PID    Runtime      # DAGs    # Errors  Last Runtime    Last Run
------------------------------------  -----  ---------  --------  ----------  --------------  -------------------
/opt/airflow/dags/dag_film_digest.py                           1           0  0.23s           2026-02-27T16:50:51
================================================================================
[2026-02-27T16:51:37.737+0000] {manager.py:878} INFO - 
================================================================================
DAG File Processing Stats

File Path                             PID    Runtime      # DAGs    # Errors  Last Runtime    Last Run
------------------------------------  -----  ---------  --------  ----------  --------------  -------------------
/opt/airflow/dags/dag_film_digest.py                           1           0  0.28s           2026-02-27T16:51:21
================================================================================
[2026-02-27T16:52:08.198+0000] {manager.py:878} INFO - 
================================================================================
DAG File Processing Stats

File Path                             PID    Runtime      # DAGs    # Errors  Last Runtime    Last Run
------------------------------------  -----  ---------  --------  ----------  --------------  -------------------
/opt/airflow/dags/dag_film_digest.py                           1           0  0.17s           2026-02-27T16:51:52
================================================================================
[2026-02-27T16:52:38.560+0000] {manager.py:878} INFO - 
================================================================================
DAG File Processing Stats

File Path                             PID    Runtime      # DAGs    # Errors  Last Runtime    Last Run
------------------------------------  -----  ---------  --------  ----------  --------------  -------------------
/opt/airflow/dags/dag_film_digest.py                           1           0  0.33s           2026-02-27T16:52:22
================================================================================
[2026-02-27T16:53:08.903+0000] {manager.py:878} INFO - 
================================================================================
DAG File Processing Stats

File Path                             PID    Runtime      # DAGs    # Errors  Last Runtime    Last Run
------------------------------------  -----  ---------  --------  ----------  --------------  -------------------
/opt/airflow/dags/dag_film_digest.py                           1           0  0.26s           2026-02-27T16:52:52
================================================================================
[2026-02-27T16:53:39.226+0000] {manager.py:878} INFO - 
================================================================================
DAG File Processing Stats

File Path                             PID    Runtime      # DAGs    # Errors  Last Runtime    Last Run
------------------------------------  -----  ---------  --------  ----------  --------------  -------------------
/opt/airflow/dags/dag_film_digest.py                           1           0  0.34s           2026-02-27T16:53:23
================================================================================
[2026-02-27T16:54:05.619+0000] {manager.py:737} INFO - Searching for files in /opt/airflow/dags
[2026-02-27T16:54:05.622+0000] {manager.py:740} INFO - There are 1 files in /opt/airflow/dags
[2026-02-27T16:54:09.687+0000] {manager.py:878} INFO - 
================================================================================
DAG File Processing Stats

File Path                               PID  Runtime      # DAGs    # Errors  Last Runtime    Last Run
------------------------------------  -----  ---------  --------  ----------  --------------  -------------------
/opt/airflow/dags/dag_film_digest.py    656  0.01s             1           0  0.26s           2026-02-27T16:53:53
================================================================================
[2026-02-27T16:54:39.918+0000] {manager.py:878} INFO - 
================================================================================
DAG File Processing Stats

File Path                               PID  Runtime      # DAGs    # Errors  Last Runtime    Last Run
------------------------------------  -----  ---------  --------  ----------  --------------  -------------------
/opt/airflow/dags/dag_film_digest.py    661  0.01s             0           0  0.07s           2026-02-27T16:54:09
================================================================================
[2026-02-27T16:55:10.151+0000] {manager.py:878} INFO - 
================================================================================
DAG File Processing Stats

File Path                               PID  Runtime      # DAGs    # Errors  Last Runtime    Last Run
------------------------------------  -----  ---------  --------  ----------  --------------  -------------------
/opt/airflow/dags/dag_film_digest.py    666  0.01s             0           0  0.14s           2026-02-27T16:54:40
================================================================================
[2026-02-27T16:55:40.480+0000] {manager.py:878} INFO - 
================================================================================
DAG File Processing Stats

File Path                               PID  Runtime      # DAGs    # Errors  Last Runtime    Last Run
------------------------------------  -----  ---------  --------  ----------  --------------  -------------------
/opt/airflow/dags/dag_film_digest.py    671  0.02s             0           0  0.14s           2026-02-27T16:55:10
================================================================================
[2026-02-27T16:56:10.763+0000] {manager.py:878} INFO - 
================================================================================
DAG File Processing Stats

File Path                               PID  Runtime      # DAGs    # Errors  Last Runtime    Last Run
------------------------------------  -----  ---------  --------  ----------  --------------  -------------------
/opt/airflow/dags/dag_film_digest.py    676  1.02s             0           0  0.13s           2026-02-27T16:55:40
================================================================================
[2026-02-27T16:56:40.942+0000] {manager.py:878} INFO - 
================================================================================
DAG File Processing Stats

File Path                             PID    Runtime      # DAGs    # Errors  Last Runtime    Last Run
------------------------------------  -----  ---------  --------  ----------  --------------  -------------------
/opt/airflow/dags/dag_film_digest.py                           1           0  1.32s           2026-02-27T16:56:11
================================================================================
[2026-02-27T16:57:11.247+0000] {manager.py:878} INFO - 
================================================================================
DAG File Processing Stats

File Path                             PID    Runtime      # DAGs    # Errors  Last Runtime    Last Run
------------------------------------  -----  ---------  --------  ----------  --------------  -------------------
/opt/airflow/dags/dag_film_digest.py                           1           0  0.63s           2026-02-27T16:56:46
================================================================================
[2026-02-27T16:57:41.444+0000] {manager.py:878} INFO - 
================================================================================
DAG File Processing Stats

File Path                             PID    Runtime      # DAGs    # Errors  Last Runtime    Last Run
------------------------------------  -----  ---------  --------  ----------  --------------  -------------------
/opt/airflow/dags/dag_film_digest.py                           1           0  0.17s           2026-02-27T16:57:16
================================================================================
[2026-02-27T16:58:11.794+0000] {manager.py:878} INFO - 
================================================================================
DAG File Processing Stats

File Path                             PID    Runtime      # DAGs    # Errors  Last Runtime    Last Run
------------------------------------  -----  ---------  --------  ----------  --------------  -------------------
/opt/airflow/dags/dag_film_digest.py                           1           0  0.24s           2026-02-27T16:57:46
================================================================================
[2026-02-27T16:58:42.056+0000] {manager.py:878} INFO - 
================================================================================
DAG File Processing Stats

File Path                             PID    Runtime      # DAGs    # Errors  Last Runtime    Last Run
------------------------------------  -----  ---------  --------  ----------  --------------  -------------------
/opt/airflow/dags/dag_film_digest.py                           1           0  0.20s           2026-02-27T16:58:17
================================================================================
[2026-02-27T16:59:06.318+0000] {manager.py:737} INFO - Searching for files in /opt/airflow/dags
[2026-02-27T16:59:06.321+0000] {manager.py:740} INFO - There are 1 files in /opt/airflow/dags
[2026-02-27T16:59:12.387+0000] {manager.py:878} INFO - 
================================================================================
DAG File Processing Stats

File Path                             PID    Runtime      # DAGs    # Errors  Last Runtime    Last Run
------------------------------------  -----  ---------  --------  ----------  --------------  -------------------
/opt/airflow/dags/dag_film_digest.py                           1           0  0.16s           2026-02-27T16:58:47
================================================================================
[2026-02-27T16:59:42.602+0000] {manager.py:878} INFO - 
================================================================================
DAG File Processing Stats

File Path                             PID    Runtime      # DAGs    # Errors  Last Runtime    Last Run
------------------------------------  -----  ---------  --------  ----------  --------------  -------------------
/opt/airflow/dags/dag_film_digest.py                           1           0  0.26s           2026-02-27T16:59:17
================================================================================
[2026-02-27T17:00:13.018+0000] {manager.py:878} INFO - 
================================================================================
DAG File Processing Stats

File Path                             PID    Runtime      # DAGs    # Errors  Last Runtime    Last Run
------------------------------------  -----  ---------  --------  ----------  --------------  -------------------
/opt/airflow/dags/dag_film_digest.py                           1           0  0.15s           2026-02-27T16:59:48
================================================================================
[2026-02-27T17:39:42.439+0000] {manager.py:470} INFO - Processing files using up to 2 processes at a time 
[2026-02-27T17:39:42.460+0000] {manager.py:471} INFO - Process each file at most once every 30 seconds
[2026-02-27T17:39:42.461+0000] {manager.py:472} INFO - Checking for new files in /opt/airflow/dags every 300 seconds
[2026-02-27T17:39:42.475+0000] {manager.py:737} INFO - Searching for files in /opt/airflow/dags
[2026-02-27T17:39:42.523+0000] {manager.py:740} INFO - There are 1 files in /opt/airflow/dags
[2026-02-27T17:39:43.639+0000] {manager.py:878} INFO - 
================================================================================
DAG File Processing Stats

File Path                               PID  Runtime      # DAGs    # Errors  Last Runtime    Last Run
------------------------------------  -----  ---------  --------  ----------  --------------  ----------
/opt/airflow/dags/dag_film_digest.py    158  0.38s             0           0
================================================================================
[2026-02-27T17:40:14.536+0000] {manager.py:878} INFO - 
================================================================================
DAG File Processing Stats

File Path                             PID    Runtime      # DAGs    # Errors  Last Runtime    Last Run
------------------------------------  -----  ---------  --------  ----------  --------------  -------------------
/opt/airflow/dags/dag_film_digest.py                           1           0  1.48s           2026-02-27T17:39:44
================================================================================
[2026-02-27T17:40:44.752+0000] {manager.py:878} INFO - 
================================================================================
DAG File Processing Stats

File Path                             PID    Runtime      # DAGs    # Errors  Last Runtime    Last Run
------------------------------------  -----  ---------  --------  ----------  --------------  -------------------
/opt/airflow/dags/dag_film_digest.py                           1           0  1.28s           2026-02-27T17:40:16
================================================================================
[2026-02-27T17:41:14.785+0000] {manager.py:878} INFO - 
================================================================================
DAG File Processing Stats

File Path                             PID    Runtime      # DAGs    # Errors  Last Runtime    Last Run
------------------------------------  -----  ---------  --------  ----------  --------------  -------------------
/opt/airflow/dags/dag_film_digest.py                           1           0  0.41s           2026-02-27T17:40:47
================================================================================
[2026-02-27T17:41:45.428+0000] {manager.py:878} INFO - 
================================================================================
DAG File Processing Stats

File Path                             PID    Runtime      # DAGs    # Errors  Last Runtime    Last Run
------------------------------------  -----  ---------  --------  ----------  --------------  -------------------
/opt/airflow/dags/dag_film_digest.py                           1           0  0.45s           2026-02-27T17:41:18
================================================================================
[2026-02-27T17:42:15.652+0000] {manager.py:878} INFO - 
================================================================================
DAG File Processing Stats

File Path                             PID    Runtime      # DAGs    # Errors  Last Runtime    Last Run
------------------------------------  -----  ---------  --------  ----------  --------------  -------------------
/opt/airflow/dags/dag_film_digest.py                           1           0  0.28s           2026-02-27T17:41:48
================================================================================
[2026-02-27T17:42:46.075+0000] {manager.py:878} INFO - 
================================================================================
DAG File Processing Stats

File Path                             PID    Runtime      # DAGs    # Errors  Last Runtime    Last Run
------------------------------------  -----  ---------  --------  ----------  --------------  -------------------
/opt/airflow/dags/dag_film_digest.py                           1           0  1.06s           2026-02-27T17:42:19
================================================================================
[2026-02-27T17:43:16.310+0000] {manager.py:878} INFO - 
================================================================================
DAG File Processing Stats

File Path                             PID    Runtime      # DAGs    # Errors  Last Runtime    Last Run
------------------------------------  -----  ---------  --------  ----------  --------------  -------------------
/opt/airflow/dags/dag_film_digest.py                           1           0  0.22s           2026-02-27T17:42:50
================================================================================
[2026-02-27T17:43:46.697+0000] {manager.py:878} INFO - 
================================================================================
DAG File Processing Stats

File Path                             PID    Runtime      # DAGs    # Errors  Last Runtime    Last Run
------------------------------------  -----  ---------  --------  ----------  --------------  -------------------
/opt/airflow/dags/dag_film_digest.py                           1           0  0.31s           2026-02-27T17:43:20
================================================================================
[2026-02-27T17:44:16.970+0000] {manager.py:878} INFO - 
================================================================================
DAG File Processing Stats

File Path                             PID    Runtime      # DAGs    # Errors  Last Runtime    Last Run
------------------------------------  -----  ---------  --------  ----------  --------------  -------------------
/opt/airflow/dags/dag_film_digest.py                           1           0  0.17s           2026-02-27T17:43:50
================================================================================
[2026-02-27T17:44:43.182+0000] {manager.py:737} INFO - Searching for files in /opt/airflow/dags
[2026-02-27T17:44:43.186+0000] {manager.py:740} INFO - There are 1 files in /opt/airflow/dags
[2026-02-27T17:44:47.244+0000] {manager.py:878} INFO - 
================================================================================
DAG File Processing Stats

File Path                             PID    Runtime      # DAGs    # Errors  Last Runtime    Last Run
------------------------------------  -----  ---------  --------  ----------  --------------  -------------------
/opt/airflow/dags/dag_film_digest.py                           1           0  0.14s           2026-02-27T17:44:21
================================================================================
[2026-02-27T17:45:17.472+0000] {manager.py:878} INFO - 
================================================================================
DAG File Processing Stats

File Path                             PID    Runtime      # DAGs    # Errors  Last Runtime    Last Run
------------------------------------  -----  ---------  --------  ----------  --------------  -------------------
/opt/airflow/dags/dag_film_digest.py                           1           0  0.24s           2026-02-27T17:44:51
================================================================================
[2026-02-27T17:45:47.808+0000] {manager.py:878} INFO - 
================================================================================
DAG File Processing Stats

File Path                             PID    Runtime      # DAGs    # Errors  Last Runtime    Last Run
------------------------------------  -----  ---------  --------  ----------  --------------  -------------------
/opt/airflow/dags/dag_film_digest.py                           1           0  0.31s           2026-02-27T17:45:21
================================================================================
[2026-02-27T17:46:17.967+0000] {manager.py:878} INFO - 
================================================================================
DAG File Processing Stats

File Path                             PID    Runtime      # DAGs    # Errors  Last Runtime    Last Run
------------------------------------  -----  ---------  --------  ----------  --------------  -------------------
/opt/airflow/dags/dag_film_digest.py                           1           0  1.02s           2026-02-27T17:45:53
================================================================================
[2026-02-27T17:46:48.443+0000] {manager.py:878} INFO - 
================================================================================
DAG File Processing Stats

File Path                             PID    Runtime      # DAGs    # Errors  Last Runtime    Last Run
------------------------------------  -----  ---------  --------  ----------  --------------  -------------------
/opt/airflow/dags/dag_film_digest.py                           1           0  0.28s           2026-02-27T17:46:23
================================================================================
[2026-02-27T17:47:18.820+0000] {manager.py:878} INFO - 
================================================================================
DAG File Processing Stats

File Path                             PID    Runtime      # DAGs    # Errors  Last Runtime    Last Run
------------------------------------  -----  ---------  --------  ----------  --------------  -------------------
/opt/airflow/dags/dag_film_digest.py                           1           0  0.24s           2026-02-27T17:46:53
================================================================================
[2026-02-27T17:47:49.242+0000] {manager.py:878} INFO - 
================================================================================
DAG File Processing Stats

File Path                             PID    Runtime      # DAGs    # Errors  Last Runtime    Last Run
------------------------------------  -----  ---------  --------  ----------  --------------  -------------------
/opt/airflow/dags/dag_film_digest.py                           1           0  0.51s           2026-02-27T17:47:24
================================================================================
[2026-02-27T17:48:19.901+0000] {manager.py:878} INFO - 
================================================================================
DAG File Processing Stats

File Path                             PID    Runtime      # DAGs    # Errors  Last Runtime    Last Run
------------------------------------  -----  ---------  --------  ----------  --------------  -------------------
/opt/airflow/dags/dag_film_digest.py                           1           0  0.24s           2026-02-27T17:47:55
================================================================================
[2026-02-27T17:48:50.293+0000] {manager.py:878} INFO - 
================================================================================
DAG File Processing Stats

File Path                             PID    Runtime      # DAGs    # Errors  Last Runtime    Last Run
------------------------------------  -----  ---------  --------  ----------  --------------  -------------------
/opt/airflow/dags/dag_film_digest.py                           1           0  0.22s           2026-02-27T17:48:25
================================================================================
[2026-02-27T17:49:20.665+0000] {manager.py:878} INFO - 
================================================================================
DAG File Processing Stats

File Path                             PID    Runtime      # DAGs    # Errors  Last Runtime    Last Run
------------------------------------  -----  ---------  --------  ----------  --------------  -------------------
/opt/airflow/dags/dag_film_digest.py                           1           0  0.19s           2026-02-27T17:48:55
================================================================================
[2026-02-27T17:49:43.973+0000] {manager.py:737} INFO - Searching for files in /opt/airflow/dags
[2026-02-27T17:49:43.977+0000] {manager.py:740} INFO - There are 1 files in /opt/airflow/dags
[2026-02-27T17:49:51.060+0000] {manager.py:878} INFO - 
================================================================================
DAG File Processing Stats

File Path                             PID    Runtime      # DAGs    # Errors  Last Runtime    Last Run
------------------------------------  -----  ---------  --------  ----------  --------------  -------------------
/opt/airflow/dags/dag_film_digest.py                           1           0  0.22s           2026-02-27T17:49:26
================================================================================
[2026-02-27T17:50:21.354+0000] {manager.py:878} INFO - 
================================================================================
DAG File Processing Stats

File Path                             PID    Runtime      # DAGs    # Errors  Last Runtime    Last Run
------------------------------------  -----  ---------  --------  ----------  --------------  -------------------
/opt/airflow/dags/dag_film_digest.py                           1           0  0.17s           2026-02-27T17:49:56
================================================================================
[2026-02-27T17:50:51.572+0000] {manager.py:878} INFO - 
================================================================================
DAG File Processing Stats

File Path                             PID    Runtime      # DAGs    # Errors  Last Runtime    Last Run
------------------------------------  -----  ---------  --------  ----------  --------------  -------------------
/opt/airflow/dags/dag_film_digest.py                           1           0  0.19s           2026-02-27T17:50:26
================================================================================
[2026-02-27T17:51:21.888+0000] {manager.py:878} INFO - 
================================================================================
DAG File Processing Stats

File Path                             PID    Runtime      # DAGs    # Errors  Last Runtime    Last Run
------------------------------------  -----  ---------  --------  ----------  --------------  -------------------
/opt/airflow/dags/dag_film_digest.py                           1           0  0.23s           2026-02-27T17:50:56
================================================================================
[2026-02-27T17:51:52.111+0000] {manager.py:878} INFO - 
================================================================================
DAG File Processing Stats

File Path                             PID    Runtime      # DAGs    # Errors  Last Runtime    Last Run
------------------------------------  -----  ---------  --------  ----------  --------------  -------------------
/opt/airflow/dags/dag_film_digest.py                           1           0  0.17s           2026-02-27T17:51:27
================================================================================
[2026-02-27T17:52:22.368+0000] {manager.py:878} INFO - 
================================================================================
DAG File Processing Stats

File Path                             PID    Runtime      # DAGs    # Errors  Last Runtime    Last Run
------------------------------------  -----  ---------  --------  ----------  --------------  -------------------
/opt/airflow/dags/dag_film_digest.py                           1           0  0.16s           2026-02-27T17:51:57
================================================================================
[2026-02-27T17:52:52.651+0000] {manager.py:878} INFO - 
================================================================================
DAG File Processing Stats

File Path                             PID    Runtime      # DAGs    # Errors  Last Runtime    Last Run
------------------------------------  -----  ---------  --------  ----------  --------------  -------------------
/opt/airflow/dags/dag_film_digest.py                           1           0  0.29s           2026-02-27T17:52:27
================================================================================
[2026-02-27T17:53:22.977+0000] {manager.py:878} INFO - 
================================================================================
DAG File Processing Stats

File Path                             PID    Runtime      # DAGs    # Errors  Last Runtime    Last Run
------------------------------------  -----  ---------  --------  ----------  --------------  -------------------
/opt/airflow/dags/dag_film_digest.py                           1           0  0.17s           2026-02-27T17:52:58
================================================================================
[2026-02-27T17:53:53.294+0000] {manager.py:878} INFO - 
================================================================================
DAG File Processing Stats

File Path                             PID    Runtime      # DAGs    # Errors  Last Runtime    Last Run
------------------------------------  -----  ---------  --------  ----------  --------------  -------------------
/opt/airflow/dags/dag_film_digest.py                           1           0  0.25s           2026-02-27T17:53:28
================================================================================
[2026-02-27T17:54:23.683+0000] {manager.py:878} INFO - 
================================================================================
DAG File Processing Stats

File Path                             PID    Runtime      # DAGs    # Errors  Last Runtime    Last Run
------------------------------------  -----  ---------  --------  ----------  --------------  -------------------
/opt/airflow/dags/dag_film_digest.py                           1           0  0.28s           2026-02-27T17:53:58
================================================================================
[2026-02-27T17:54:44.087+0000] {manager.py:737} INFO - Searching for files in /opt/airflow/dags
[2026-02-27T17:54:44.089+0000] {manager.py:740} INFO - There are 1 files in /opt/airflow/dags
[2026-02-27T17:54:54.201+0000] {manager.py:878} INFO - 
================================================================================
DAG File Processing Stats

File Path                             PID    Runtime      # DAGs    # Errors  Last Runtime    Last Run
------------------------------------  -----  ---------  --------  ----------  --------------  -------------------
/opt/airflow/dags/dag_film_digest.py                           1           0  0.19s           2026-02-27T17:54:29
================================================================================
[2026-02-27T17:55:24.456+0000] {manager.py:878} INFO - 
================================================================================
DAG File Processing Stats

File Path                             PID    Runtime      # DAGs    # Errors  Last Runtime    Last Run
------------------------------------  -----  ---------  --------  ----------  --------------  -------------------
/opt/airflow/dags/dag_film_digest.py                           1           0  0.30s           2026-02-27T17:54:59
================================================================================
[2026-02-27T17:55:54.842+0000] {manager.py:878} INFO - 
================================================================================
DAG File Processing Stats

File Path                             PID    Runtime      # DAGs    # Errors  Last Runtime    Last Run
------------------------------------  -----  ---------  --------  ----------  --------------  -------------------
/opt/airflow/dags/dag_film_digest.py                           1           0  0.19s           2026-02-27T17:55:29
================================================================================
[2026-02-27T17:56:25.144+0000] {manager.py:878} INFO - 
================================================================================
DAG File Processing Stats

File Path                             PID    Runtime      # DAGs    # Errors  Last Runtime    Last Run
------------------------------------  -----  ---------  --------  ----------  --------------  -------------------
/opt/airflow/dags/dag_film_digest.py                           1           0  0.17s           2026-02-27T17:56:00
================================================================================
[2026-02-27T17:56:55.326+0000] {manager.py:878} INFO - 
================================================================================
DAG File Processing Stats

File Path                             PID    Runtime      # DAGs    # Errors  Last Runtime    Last Run
------------------------------------  -----  ---------  --------  ----------  --------------  -------------------
/opt/airflow/dags/dag_film_digest.py                           1           0  0.25s           2026-02-27T17:56:30
================================================================================
[2026-02-27T17:57:25.724+0000] {manager.py:878} INFO - 
================================================================================
DAG File Processing Stats

File Path                             PID    Runtime      # DAGs    # Errors  Last Runtime    Last Run
------------------------------------  -----  ---------  --------  ----------  --------------  -------------------
/opt/airflow/dags/dag_film_digest.py                           1           0  0.19s           2026-02-27T17:57:00
================================================================================
[2026-02-27T17:57:56.060+0000] {manager.py:878} INFO - 
================================================================================
DAG File Processing Stats

File Path                             PID    Runtime      # DAGs    # Errors  Last Runtime    Last Run
------------------------------------  -----  ---------  --------  ----------  --------------  -------------------
/opt/airflow/dags/dag_film_digest.py                           1           0  0.25s           2026-02-27T17:57:31
================================================================================
[2026-02-27T17:58:26.487+0000] {manager.py:878} INFO - 
================================================================================
DAG File Processing Stats

File Path                             PID    Runtime      # DAGs    # Errors  Last Runtime    Last Run
------------------------------------  -----  ---------  --------  ----------  --------------  -------------------
/opt/airflow/dags/dag_film_digest.py                           1           0  0.24s           2026-02-27T17:58:01
================================================================================
[2026-02-27T17:58:56.858+0000] {manager.py:878} INFO - 
================================================================================
DAG File Processing Stats

File Path                             PID    Runtime      # DAGs    # Errors  Last Runtime    Last Run
------------------------------------  -----  ---------  --------  ----------  --------------  -------------------
/opt/airflow/dags/dag_film_digest.py                           1           0  0.22s           2026-02-27T17:58:31
================================================================================
[2026-02-27T17:59:27.194+0000] {manager.py:878} INFO - 
================================================================================
DAG File Processing Stats

File Path                             PID    Runtime      # DAGs    # Errors  Last Runtime    Last Run
------------------------------------  -----  ---------  --------  ----------  --------------  -------------------
/opt/airflow/dags/dag_film_digest.py                           1           0  0.26s           2026-02-27T17:59:02
================================================================================
[2026-02-27T17:59:44.554+0000] {manager.py:737} INFO - Searching for files in /opt/airflow/dags
[2026-02-27T17:59:44.557+0000] {manager.py:740} INFO - There are 1 files in /opt/airflow/dags
[2026-02-27T17:59:57.665+0000] {manager.py:878} INFO - 
================================================================================
DAG File Processing Stats

File Path                             PID    Runtime      # DAGs    # Errors  Last Runtime    Last Run
------------------------------------  -----  ---------  --------  ----------  --------------  -------------------
/opt/airflow/dags/dag_film_digest.py                           1           0  0.20s           2026-02-27T17:59:32
================================================================================
[2026-02-27T18:00:28.015+0000] {manager.py:878} INFO - 
================================================================================
DAG File Processing Stats

File Path                             PID    Runtime      # DAGs    # Errors  Last Runtime    Last Run
------------------------------------  -----  ---------  --------  ----------  --------------  -------------------
/opt/airflow/dags/dag_film_digest.py                           1           0  0.25s           2026-02-27T18:00:02
================================================================================
[2026-02-27T18:00:58.198+0000] {manager.py:878} INFO - 
================================================================================
DAG File Processing Stats

File Path                             PID    Runtime      # DAGs    # Errors  Last Runtime    Last Run
------------------------------------  -----  ---------  --------  ----------  --------------  -------------------
/opt/airflow/dags/dag_film_digest.py                           1           0  0.63s           2026-02-27T18:00:33
================================================================================
[2026-02-27T18:02:03.977+0000] {manager.py:878} INFO - 
================================================================================
DAG File Processing Stats

File Path                             PID    Runtime      # DAGs    # Errors  Last Runtime    Last Run
------------------------------------  -----  ---------  --------  ----------  --------------  -------------------
/opt/airflow/dags/dag_film_digest.py                           1           0  0.64s           2026-02-27T18:01:04
================================================================================
[2026-02-27T18:02:52.233+0000] {manager.py:878} INFO - 
================================================================================
DAG File Processing Stats

File Path                             PID    Runtime      # DAGs    # Errors  Last Runtime    Last Run
------------------------------------  -----  ---------  --------  ----------  --------------  -------------------
/opt/airflow/dags/dag_film_digest.py                           1           0  0.89s           2026-02-27T18:02:23
================================================================================
[2026-02-27T18:03:22.496+0000] {manager.py:878} INFO - 
================================================================================
DAG File Processing Stats

File Path                             PID    Runtime      # DAGs    # Errors  Last Runtime    Last Run
------------------------------------  -----  ---------  --------  ----------  --------------  -------------------
/opt/airflow/dags/dag_film_digest.py                           1           0  0.22s           2026-02-27T18:02:53
================================================================================
[2026-02-27T18:03:52.749+0000] {manager.py:878} INFO - 
================================================================================
DAG File Processing Stats

File Path                             PID    Runtime      # DAGs    # Errors  Last Runtime    Last Run
------------------------------------  -----  ---------  --------  ----------  --------------  -------------------
/opt/airflow/dags/dag_film_digest.py                           1           0  0.27s           2026-02-27T18:03:23
================================================================================
[2026-02-27T18:04:23.141+0000] {manager.py:878} INFO - 
================================================================================
DAG File Processing Stats

File Path                             PID    Runtime      # DAGs    # Errors  Last Runtime    Last Run
------------------------------------  -----  ---------  --------  ----------  --------------  -------------------
/opt/airflow/dags/dag_film_digest.py                           1           0  0.49s           2026-02-27T18:03:54
================================================================================
[2026-02-27T18:04:44.773+0000] {manager.py:737} INFO - Searching for files in /opt/airflow/dags
[2026-02-27T18:04:44.779+0000] {manager.py:740} INFO - There are 1 files in /opt/airflow/dags
[2026-02-27T18:04:53.967+0000] {manager.py:878} INFO - 
================================================================================
DAG File Processing Stats

File Path                             PID    Runtime      # DAGs    # Errors  Last Runtime    Last Run
------------------------------------  -----  ---------  --------  ----------  --------------  -------------------
/opt/airflow/dags/dag_film_digest.py                           1           0  0.23s           2026-02-27T18:04:24
================================================================================
[2026-02-27T18:05:24.298+0000] {manager.py:878} INFO - 
================================================================================
DAG File Processing Stats

File Path                             PID    Runtime      # DAGs    # Errors  Last Runtime    Last Run
------------------------------------  -----  ---------  --------  ----------  --------------  -------------------
/opt/airflow/dags/dag_film_digest.py                           1           0  0.23s           2026-02-27T18:04:55
================================================================================
[2026-02-27T18:05:55.368+0000] {manager.py:878} INFO - 
================================================================================
DAG File Processing Stats

File Path                             PID    Runtime      # DAGs    # Errors  Last Runtime    Last Run
------------------------------------  -----  ---------  --------  ----------  --------------  -------------------
/opt/airflow/dags/dag_film_digest.py                           1           0  0.32s           2026-02-27T18:05:25
================================================================================
[2026-02-27T18:06:25.574+0000] {manager.py:878} INFO - 
================================================================================
DAG File Processing Stats

File Path                             PID    Runtime      # DAGs    # Errors  Last Runtime    Last Run
------------------------------------  -----  ---------  --------  ----------  --------------  -------------------
/opt/airflow/dags/dag_film_digest.py                           1           0  0.22s           2026-02-27T18:05:56
================================================================================
[2026-02-27T18:06:55.970+0000] {manager.py:878} INFO - 
================================================================================
DAG File Processing Stats

File Path                             PID    Runtime      # DAGs    # Errors  Last Runtime    Last Run
------------------------------------  -----  ---------  --------  ----------  --------------  -------------------
/opt/airflow/dags/dag_film_digest.py                           1           0  0.22s           2026-02-27T18:06:26
================================================================================
[2026-02-27T18:07:26.605+0000] {manager.py:878} INFO - 
================================================================================
DAG File Processing Stats

File Path                             PID    Runtime      # DAGs    # Errors  Last Runtime    Last Run
------------------------------------  -----  ---------  --------  ----------  --------------  -------------------
/opt/airflow/dags/dag_film_digest.py                           1           0  0.61s           2026-02-27T18:06:57
================================================================================
[2026-02-27T18:07:56.619+0000] {manager.py:878} INFO - 
================================================================================
DAG File Processing Stats

File Path                             PID    Runtime      # DAGs    # Errors  Last Runtime    Last Run
------------------------------------  -----  ---------  --------  ----------  --------------  -------------------
/opt/airflow/dags/dag_film_digest.py                           1           0  2.83s           2026-02-27T18:07:31
================================================================================
[2026-02-27T18:08:26.635+0000] {manager.py:878} INFO - 
================================================================================
DAG File Processing Stats

File Path                             PID    Runtime      # DAGs    # Errors  Last Runtime    Last Run
------------------------------------  -----  ---------  --------  ----------  --------------  -------------------
/opt/airflow/dags/dag_film_digest.py                           1           0  0.82s           2026-02-27T18:08:02
================================================================================
[2026-02-27T18:08:56.817+0000] {manager.py:878} INFO - 
================================================================================
DAG File Processing Stats

File Path                             PID    Runtime      # DAGs    # Errors  Last Runtime    Last Run
------------------------------------  -----  ---------  --------  ----------  --------------  -------------------
/opt/airflow/dags/dag_film_digest.py                           1           0  0.21s           2026-02-27T18:08:32
================================================================================
[2026-02-27T18:09:27.200+0000] {manager.py:878} INFO - 
================================================================================
DAG File Processing Stats

File Path                             PID    Runtime      # DAGs    # Errors  Last Runtime    Last Run
------------------------------------  -----  ---------  --------  ----------  --------------  -------------------
/opt/airflow/dags/dag_film_digest.py                           1           0  0.35s           2026-02-27T18:09:03
================================================================================
[2026-02-27T18:09:44.794+0000] {manager.py:737} INFO - Searching for files in /opt/airflow/dags
[2026-02-27T18:09:44.816+0000] {manager.py:740} INFO - There are 1 files in /opt/airflow/dags
[2026-02-27T18:09:57.789+0000] {manager.py:878} INFO - 
================================================================================
DAG File Processing Stats

File Path                             PID    Runtime      # DAGs    # Errors  Last Runtime    Last Run
------------------------------------  -----  ---------  --------  ----------  --------------  -------------------
/opt/airflow/dags/dag_film_digest.py                           1           0  0.21s           2026-02-27T18:09:33
================================================================================
[2026-02-27T18:10:28.159+0000] {manager.py:878} INFO - 
================================================================================
DAG File Processing Stats

File Path                             PID    Runtime      # DAGs    # Errors  Last Runtime    Last Run
------------------------------------  -----  ---------  --------  ----------  --------------  -------------------
/opt/airflow/dags/dag_film_digest.py                           1           0  0.23s           2026-02-27T18:10:04
================================================================================
[2026-02-27T18:10:58.640+0000] {manager.py:878} INFO - 
================================================================================
DAG File Processing Stats

File Path                             PID    Runtime      # DAGs    # Errors  Last Runtime    Last Run
------------------------------------  -----  ---------  --------  ----------  --------------  -------------------
/opt/airflow/dags/dag_film_digest.py                           1           0  0.30s           2026-02-27T18:10:34
================================================================================
[2026-02-27T18:11:29.234+0000] {manager.py:878} INFO - 
================================================================================
DAG File Processing Stats

File Path                             PID    Runtime      # DAGs    # Errors  Last Runtime    Last Run
------------------------------------  -----  ---------  --------  ----------  --------------  -------------------
/opt/airflow/dags/dag_film_digest.py                           1           0  2.10s           2026-02-27T18:11:07
================================================================================
[2026-02-27T18:11:59.528+0000] {manager.py:878} INFO - 
================================================================================
DAG File Processing Stats

File Path                             PID    Runtime      # DAGs    # Errors  Last Runtime    Last Run
------------------------------------  -----  ---------  --------  ----------  --------------  -------------------
/opt/airflow/dags/dag_film_digest.py                           1           0  0.28s           2026-02-27T18:11:37
================================================================================
[2026-02-27T18:12:29.951+0000] {manager.py:878} INFO - 
================================================================================
DAG File Processing Stats

File Path                             PID    Runtime      # DAGs    # Errors  Last Runtime    Last Run
------------------------------------  -----  ---------  --------  ----------  --------------  -------------------
/opt/airflow/dags/dag_film_digest.py                           1           0  0.23s           2026-02-27T18:12:08
================================================================================
[2026-02-27T18:13:00.407+0000] {manager.py:878} INFO - 
================================================================================
DAG File Processing Stats

File Path                             PID    Runtime      # DAGs    # Errors  Last Runtime    Last Run
------------------------------------  -----  ---------  --------  ----------  --------------  -------------------
/opt/airflow/dags/dag_film_digest.py                           1           0  0.17s           2026-02-27T18:12:38
================================================================================
[2026-02-27T18:13:30.992+0000] {manager.py:878} INFO - 
================================================================================
DAG File Processing Stats

File Path                             PID    Runtime      # DAGs    # Errors  Last Runtime    Last Run
------------------------------------  -----  ---------  --------  ----------  --------------  -------------------
/opt/airflow/dags/dag_film_digest.py                           0           1  0.30s           2026-02-27T18:13:17
================================================================================
[2026-02-27T18:14:01.651+0000] {manager.py:878} INFO - 
================================================================================
DAG File Processing Stats

File Path                             PID    Runtime      # DAGs    # Errors  Last Runtime    Last Run
------------------------------------  -----  ---------  --------  ----------  --------------  -------------------
/opt/airflow/dags/dag_film_digest.py                           0           1  0.18s           2026-02-27T18:13:48
================================================================================
[2026-02-27T18:14:32.026+0000] {manager.py:878} INFO - 
================================================================================
DAG File Processing Stats

File Path                             PID    Runtime      # DAGs    # Errors  Last Runtime    Last Run
------------------------------------  -----  ---------  --------  ----------  --------------  -------------------
/opt/airflow/dags/dag_film_digest.py                           0           1  0.19s           2026-02-27T18:14:18
================================================================================
[2026-02-27T18:14:45.117+0000] {manager.py:737} INFO - Searching for files in /opt/airflow/dags
[2026-02-27T18:14:45.128+0000] {manager.py:740} INFO - There are 1 files in /opt/airflow/dags
[2026-02-27T18:15:02.273+0000] {manager.py:878} INFO - 
================================================================================
DAG File Processing Stats

File Path                             PID    Runtime      # DAGs    # Errors  Last Runtime    Last Run
------------------------------------  -----  ---------  --------  ----------  --------------  -------------------
/opt/airflow/dags/dag_film_digest.py                           0           1  0.10s           2026-02-27T18:14:49
================================================================================
[2026-02-27T18:15:32.347+0000] {manager.py:878} INFO - 
================================================================================
DAG File Processing Stats

File Path                             PID    Runtime      # DAGs    # Errors  Last Runtime    Last Run
------------------------------------  -----  ---------  --------  ----------  --------------  -------------------
/opt/airflow/dags/dag_film_digest.py                           0           1  0.16s           2026-02-27T18:15:19
================================================================================
[2026-02-27T18:16:02.623+0000] {manager.py:878} INFO - 
================================================================================
DAG File Processing Stats

File Path                             PID    Runtime      # DAGs    # Errors  Last Runtime    Last Run
------------------------------------  -----  ---------  --------  ----------  --------------  -------------------
/opt/airflow/dags/dag_film_digest.py                           0           1  0.11s           2026-02-27T18:15:50
================================================================================
[2026-02-27T18:16:32.602+0000] {manager.py:878} INFO - 
================================================================================
DAG File Processing Stats

File Path                             PID    Runtime      # DAGs    # Errors  Last Runtime    Last Run
------------------------------------  -----  ---------  --------  ----------  --------------  -------------------
/opt/airflow/dags/dag_film_digest.py                           0           1  0.75s           2026-02-27T18:16:32
================================================================================
[2026-02-27T18:17:02.799+0000] {manager.py:878} INFO - 
================================================================================
DAG File Processing Stats

File Path                               PID  Runtime      # DAGs    # Errors  Last Runtime    Last Run
------------------------------------  -----  ---------  --------  ----------  --------------  -------------------
/opt/airflow/dags/dag_film_digest.py    533  0.01s             0           1  0.75s           2026-02-27T18:16:32
================================================================================
[2026-02-27T18:17:32.987+0000] {manager.py:878} INFO - 
================================================================================
DAG File Processing Stats

File Path                             PID    Runtime      # DAGs    # Errors  Last Runtime    Last Run
------------------------------------  -----  ---------  --------  ----------  --------------  -------------------
/opt/airflow/dags/dag_film_digest.py                           0           1  0.29s           2026-02-27T18:17:03
================================================================================
[2026-02-27T18:18:03.372+0000] {manager.py:878} INFO - 
================================================================================
DAG File Processing Stats

File Path                               PID  Runtime      # DAGs    # Errors  Last Runtime    Last Run
------------------------------------  -----  ---------  --------  ----------  --------------  -------------------
/opt/airflow/dags/dag_film_digest.py    543  0.01s             0           1  0.12s           2026-02-27T18:17:33
================================================================================
[2026-02-27T18:18:33.595+0000] {manager.py:878} INFO - 
================================================================================
DAG File Processing Stats

File Path                               PID  Runtime      # DAGs    # Errors  Last Runtime    Last Run
------------------------------------  -----  ---------  --------  ----------  --------------  -------------------
/opt/airflow/dags/dag_film_digest.py    548  0.01s             0           1  0.15s           2026-02-27T18:18:03
================================================================================
[2026-03-03T12:37:10.853+0000] {manager.py:470} INFO - Processing files using up to 2 processes at a time 
[2026-03-03T12:37:10.856+0000] {manager.py:471} INFO - Process each file at most once every 30 seconds
[2026-03-03T12:37:10.856+0000] {manager.py:472} INFO - Checking for new files in /opt/airflow/dags every 300 seconds
[2026-03-03T12:37:10.856+0000] {manager.py:737} INFO - Searching for files in /opt/airflow/dags
[2026-03-03T12:37:10.863+0000] {manager.py:740} INFO - There are 1 files in /opt/airflow/dags
[2026-03-03T12:37:11.380+0000] {manager.py:878} INFO - 
================================================================================
DAG File Processing Stats

File Path                               PID  Runtime      # DAGs    # Errors  Last Runtime    Last Run
------------------------------------  -----  ---------  --------  ----------  --------------  ----------
/opt/airflow/dags/dag_film_digest.py    157  0.22s             0           0
================================================================================
[2026-03-03T12:37:41.578+0000] {manager.py:878} INFO - 
================================================================================
DAG File Processing Stats

File Path                               PID  Runtime      # DAGs    # Errors  Last Runtime    Last Run
------------------------------------  -----  ---------  --------  ----------  --------------  -------------------
/opt/airflow/dags/dag_film_digest.py    163  0.01s             0           1  0.28s           2026-03-03T12:37:11
================================================================================
[2026-03-03T12:38:11.752+0000] {manager.py:878} INFO - 
================================================================================
DAG File Processing Stats

File Path                             PID    Runtime      # DAGs    # Errors  Last Runtime    Last Run
------------------------------------  -----  ---------  --------  ----------  --------------  -------------------
/opt/airflow/dags/dag_film_digest.py                           0           1  0.28s           2026-03-03T12:37:41
================================================================================
[2026-03-03T12:38:42.654+0000] {manager.py:878} INFO - 
================================================================================
DAG File Processing Stats

File Path                             PID    Runtime      # DAGs    # Errors  Last Runtime    Last Run
------------------------------------  -----  ---------  --------  ----------  --------------  -------------------
/opt/airflow/dags/dag_film_digest.py                           0           1  0.42s           2026-03-03T12:38:12
================================================================================
[2026-03-03T13:09:16.060+0000] {manager.py:470} INFO - Processing files using up to 2 processes at a time 
[2026-03-03T13:09:16.065+0000] {manager.py:471} INFO - Process each file at most once every 30 seconds
[2026-03-03T13:09:16.065+0000] {manager.py:472} INFO - Checking for new files in /opt/airflow/dags every 300 seconds
[2026-03-03T13:09:16.065+0000] {manager.py:737} INFO - Searching for files in /opt/airflow/dags
[2026-03-03T13:09:16.077+0000] {manager.py:740} INFO - There are 1 files in /opt/airflow/dags
[2026-03-03T13:09:16.527+0000] {manager.py:878} INFO - 
================================================================================
DAG File Processing Stats

File Path                               PID  Runtime      # DAGs    # Errors  Last Runtime    Last Run
------------------------------------  -----  ---------  --------  ----------  --------------  ----------
/opt/airflow/dags/dag_film_digest.py    158  0.18s             0           0
================================================================================
[2026-03-03T13:09:46.755+0000] {manager.py:878} INFO - 
================================================================================
DAG File Processing Stats

File Path                             PID    Runtime      # DAGs    # Errors  Last Runtime    Last Run
------------------------------------  -----  ---------  --------  ----------  --------------  -------------------
/opt/airflow/dags/dag_film_digest.py                           1           0  0.69s           2026-03-03T13:09:17
================================================================================
[2026-03-03T13:10:16.838+0000] {manager.py:878} INFO - 
================================================================================
DAG File Processing Stats

File Path                             PID    Runtime      # DAGs    # Errors  Last Runtime    Last Run
------------------------------------  -----  ---------  --------  ----------  --------------  -------------------
/opt/airflow/dags/dag_film_digest.py                           1           0  0.39s           2026-03-03T13:09:47
================================================================================
[2026-03-03T13:10:47.071+0000] {manager.py:878} INFO - 
================================================================================
DAG File Processing Stats

File Path                             PID    Runtime      # DAGs    # Errors  Last Runtime    Last Run
------------------------------------  -----  ---------  --------  ----------  --------------  -------------------
/opt/airflow/dags/dag_film_digest.py                           1           0  0.25s           2026-03-03T13:10:18
================================================================================
[2026-03-03T13:11:17.495+0000] {manager.py:878} INFO - 
================================================================================
DAG File Processing Stats

File Path                             PID    Runtime      # DAGs    # Errors  Last Runtime    Last Run
------------------------------------  -----  ---------  --------  ----------  --------------  -------------------
/opt/airflow/dags/dag_film_digest.py                           1           0  0.12s           2026-03-03T13:10:48
================================================================================
[2026-03-03T13:11:47.873+0000] {manager.py:878} INFO - 
================================================================================
DAG File Processing Stats

File Path                             PID    Runtime      # DAGs    # Errors  Last Runtime    Last Run
------------------------------------  -----  ---------  --------  ----------  --------------  -------------------
/opt/airflow/dags/dag_film_digest.py                           1           0  0.13s           2026-03-03T13:11:18
================================================================================
[2026-03-03T13:12:18.148+0000] {manager.py:878} INFO - 
================================================================================
DAG File Processing Stats

File Path                             PID    Runtime      # DAGs    # Errors  Last Runtime    Last Run
------------------------------------  -----  ---------  --------  ----------  --------------  -------------------
/opt/airflow/dags/dag_film_digest.py                           1           0  0.10s           2026-03-03T13:11:48
================================================================================
[2026-03-03T13:12:48.448+0000] {manager.py:878} INFO - 
================================================================================
DAG File Processing Stats

File Path                             PID    Runtime      # DAGs    # Errors  Last Runtime    Last Run
------------------------------------  -----  ---------  --------  ----------  --------------  -------------------
/opt/airflow/dags/dag_film_digest.py                           1           0  0.15s           2026-03-03T13:12:19
================================================================================
[2026-03-03T13:13:18.776+0000] {manager.py:878} INFO - 
================================================================================
DAG File Processing Stats

File Path                             PID    Runtime      # DAGs    # Errors  Last Runtime    Last Run
------------------------------------  -----  ---------  --------  ----------  --------------  -------------------
/opt/airflow/dags/dag_film_digest.py                           1           0  0.15s           2026-03-03T13:12:49
================================================================================
[2026-03-03T13:13:49.087+0000] {manager.py:878} INFO - 
================================================================================
DAG File Processing Stats

File Path                             PID    Runtime      # DAGs    # Errors  Last Runtime    Last Run
------------------------------------  -----  ---------  --------  ----------  --------------  -------------------
/opt/airflow/dags/dag_film_digest.py                           1           0  0.16s           2026-03-03T13:13:19
================================================================================
[2026-03-03T13:14:16.467+0000] {manager.py:737} INFO - Searching for files in /opt/airflow/dags
[2026-03-03T13:14:16.471+0000] {manager.py:740} INFO - There are 1 files in /opt/airflow/dags
[2026-03-03T13:14:19.501+0000] {manager.py:878} INFO - 
================================================================================
DAG File Processing Stats

File Path                             PID    Runtime      # DAGs    # Errors  Last Runtime    Last Run
------------------------------------  -----  ---------  --------  ----------  --------------  -------------------
/opt/airflow/dags/dag_film_digest.py                           1           0  0.13s           2026-03-03T13:13:50
================================================================================
[2026-03-03T13:14:49.772+0000] {manager.py:878} INFO - 
================================================================================
DAG File Processing Stats

File Path                             PID    Runtime      # DAGs    # Errors  Last Runtime    Last Run
------------------------------------  -----  ---------  --------  ----------  --------------  -------------------
/opt/airflow/dags/dag_film_digest.py                           1           0  0.12s           2026-03-03T13:14:20
================================================================================
[2026-03-03T13:15:20.108+0000] {manager.py:878} INFO - 
================================================================================
DAG File Processing Stats

File Path                             PID    Runtime      # DAGs    # Errors  Last Runtime    Last Run
------------------------------------  -----  ---------  --------  ----------  --------------  -------------------
/opt/airflow/dags/dag_film_digest.py                           1           0  0.11s           2026-03-03T13:14:50
================================================================================
[2026-03-03T13:15:50.405+0000] {manager.py:878} INFO - 
================================================================================
DAG File Processing Stats

File Path                             PID    Runtime      # DAGs    # Errors  Last Runtime    Last Run
------------------------------------  -----  ---------  --------  ----------  --------------  -------------------
/opt/airflow/dags/dag_film_digest.py                           1           0  0.19s           2026-03-03T13:15:21
================================================================================
[2026-03-03T13:16:20.685+0000] {manager.py:878} INFO - 
================================================================================
DAG File Processing Stats

File Path                             PID    Runtime      # DAGs    # Errors  Last Runtime    Last Run
------------------------------------  -----  ---------  --------  ----------  --------------  -------------------
/opt/airflow/dags/dag_film_digest.py                           1           0  0.11s           2026-03-03T13:15:51
================================================================================
[2026-03-03T13:16:51.038+0000] {manager.py:878} INFO - 
================================================================================
DAG File Processing Stats

File Path                             PID    Runtime      # DAGs    # Errors  Last Runtime    Last Run
------------------------------------  -----  ---------  --------  ----------  --------------  -------------------
/opt/airflow/dags/dag_film_digest.py                           1           0  0.14s           2026-03-03T13:16:21
================================================================================
[2026-03-03T13:17:21.337+0000] {manager.py:878} INFO - 
================================================================================
DAG File Processing Stats

File Path                             PID    Runtime      # DAGs    # Errors  Last Runtime    Last Run
------------------------------------  -----  ---------  --------  ----------  --------------  -------------------
/opt/airflow/dags/dag_film_digest.py                           1           0  0.12s           2026-03-03T13:16:52
================================================================================
[2026-03-03T13:17:51.753+0000] {manager.py:878} INFO - 
================================================================================
DAG File Processing Stats

File Path                             PID    Runtime      # DAGs    # Errors  Last Runtime    Last Run
------------------------------------  -----  ---------  --------  ----------  --------------  -------------------
/opt/airflow/dags/dag_film_digest.py                           1           0  0.13s           2026-03-03T13:17:22
================================================================================
[2026-03-03T13:18:22.104+0000] {manager.py:878} INFO - 
================================================================================
DAG File Processing Stats

File Path                             PID    Runtime      # DAGs    # Errors  Last Runtime    Last Run
------------------------------------  -----  ---------  --------  ----------  --------------  -------------------
/opt/airflow/dags/dag_film_digest.py                           1           0  0.14s           2026-03-03T13:17:52
================================================================================
[2026-03-03T13:18:52.425+0000] {manager.py:878} INFO - 
================================================================================
DAG File Processing Stats

File Path                             PID    Runtime      # DAGs    # Errors  Last Runtime    Last Run
------------------------------------  -----  ---------  --------  ----------  --------------  -------------------
/opt/airflow/dags/dag_film_digest.py                           1           0  0.12s           2026-03-03T13:18:23
================================================================================
[2026-03-03T13:19:16.573+0000] {manager.py:737} INFO - Searching for files in /opt/airflow/dags
[2026-03-03T13:19:16.574+0000] {manager.py:740} INFO - There are 1 files in /opt/airflow/dags
[2026-03-03T13:19:22.738+0000] {manager.py:878} INFO - 
================================================================================
DAG File Processing Stats

File Path                             PID    Runtime      # DAGs    # Errors  Last Runtime    Last Run
------------------------------------  -----  ---------  --------  ----------  --------------  -------------------
/opt/airflow/dags/dag_film_digest.py                           1           0  0.12s           2026-03-03T13:18:53
================================================================================
[2026-03-03T13:19:53.071+0000] {manager.py:878} INFO - 
================================================================================
DAG File Processing Stats

File Path                             PID    Runtime      # DAGs    # Errors  Last Runtime    Last Run
------------------------------------  -----  ---------  --------  ----------  --------------  -------------------
/opt/airflow/dags/dag_film_digest.py                           1           0  0.22s           2026-03-03T13:19:23
================================================================================
[2026-03-03T13:20:23.514+0000] {manager.py:878} INFO - 
================================================================================
DAG File Processing Stats

File Path                             PID    Runtime      # DAGs    # Errors  Last Runtime    Last Run
------------------------------------  -----  ---------  --------  ----------  --------------  -------------------
/opt/airflow/dags/dag_film_digest.py                           1           0  0.33s           2026-03-03T13:19:54
================================================================================
[2026-03-03T13:20:53.974+0000] {manager.py:878} INFO - 
================================================================================
DAG File Processing Stats

File Path                             PID    Runtime      # DAGs    # Errors  Last Runtime    Last Run
------------------------------------  -----  ---------  --------  ----------  --------------  -------------------
/opt/airflow/dags/dag_film_digest.py                           1           0  0.19s           2026-03-03T13:20:24
================================================================================
[2026-03-03T13:21:24.282+0000] {manager.py:878} INFO - 
================================================================================
DAG File Processing Stats

File Path                             PID    Runtime      # DAGs    # Errors  Last Runtime    Last Run
------------------------------------  -----  ---------  --------  ----------  --------------  -------------------
/opt/airflow/dags/dag_film_digest.py                           1           0  0.11s           2026-03-03T13:20:55
================================================================================
[2026-03-03T13:21:54.602+0000] {manager.py:878} INFO - 
================================================================================
DAG File Processing Stats

File Path                             PID    Runtime      # DAGs    # Errors  Last Runtime    Last Run
------------------------------------  -----  ---------  --------  ----------  --------------  -------------------
/opt/airflow/dags/dag_film_digest.py                           1           0  0.11s           2026-03-03T13:21:25
================================================================================
[2026-03-03T13:22:24.891+0000] {manager.py:878} INFO - 
================================================================================
DAG File Processing Stats

File Path                             PID    Runtime      # DAGs    # Errors  Last Runtime    Last Run
------------------------------------  -----  ---------  --------  ----------  --------------  -------------------
/opt/airflow/dags/dag_film_digest.py                           1           0  0.11s           2026-03-03T13:21:55
================================================================================
[2026-03-03T13:22:55.272+0000] {manager.py:878} INFO - 
================================================================================
DAG File Processing Stats

File Path                             PID    Runtime      # DAGs    # Errors  Last Runtime    Last Run
------------------------------------  -----  ---------  --------  ----------  --------------  -------------------
/opt/airflow/dags/dag_film_digest.py                           1           0  0.12s           2026-03-03T13:22:26
================================================================================
[2026-03-03T13:23:25.584+0000] {manager.py:878} INFO - 
================================================================================
DAG File Processing Stats

File Path                             PID    Runtime      # DAGs    # Errors  Last Runtime    Last Run
------------------------------------  -----  ---------  --------  ----------  --------------  -------------------
/opt/airflow/dags/dag_film_digest.py                           1           0  0.11s           2026-03-03T13:22:56
================================================================================
[2026-03-03T13:23:55.945+0000] {manager.py:878} INFO - 
================================================================================
DAG File Processing Stats

File Path                             PID    Runtime      # DAGs    # Errors  Last Runtime    Last Run
------------------------------------  -----  ---------  --------  ----------  --------------  -------------------
/opt/airflow/dags/dag_film_digest.py                           1           0  0.12s           2026-03-03T13:23:26
================================================================================
[2026-03-03T13:24:17.069+0000] {manager.py:737} INFO - Searching for files in /opt/airflow/dags
[2026-03-03T13:24:17.070+0000] {manager.py:740} INFO - There are 1 files in /opt/airflow/dags
[2026-03-03T13:24:26.275+0000] {manager.py:878} INFO - 
================================================================================
DAG File Processing Stats

File Path                             PID    Runtime      # DAGs    # Errors  Last Runtime    Last Run
------------------------------------  -----  ---------  --------  ----------  --------------  -------------------
/opt/airflow/dags/dag_film_digest.py                           1           0  0.12s           2026-03-03T13:23:57
================================================================================
[2026-03-03T13:24:56.633+0000] {manager.py:878} INFO - 
================================================================================
DAG File Processing Stats

File Path                             PID    Runtime      # DAGs    # Errors  Last Runtime    Last Run
------------------------------------  -----  ---------  --------  ----------  --------------  -------------------
/opt/airflow/dags/dag_film_digest.py                           1           0  0.14s           2026-03-03T13:24:27
================================================================================
[2026-03-03T13:25:26.961+0000] {manager.py:878} INFO - 
================================================================================
DAG File Processing Stats

File Path                             PID    Runtime      # DAGs    # Errors  Last Runtime    Last Run
------------------------------------  -----  ---------  --------  ----------  --------------  -------------------
/opt/airflow/dags/dag_film_digest.py                           1           0  0.17s           2026-03-03T13:24:57
================================================================================
[2026-03-03T13:25:57.346+0000] {manager.py:878} INFO - 
================================================================================
DAG File Processing Stats

File Path                             PID    Runtime      # DAGs    # Errors  Last Runtime    Last Run
------------------------------------  -----  ---------  --------  ----------  --------------  -------------------
/opt/airflow/dags/dag_film_digest.py                           1           0  0.14s           2026-03-03T13:25:28
================================================================================
[2026-03-03T13:26:27.609+0000] {manager.py:878} INFO - 
================================================================================
DAG File Processing Stats

File Path                             PID    Runtime      # DAGs    # Errors  Last Runtime    Last Run
------------------------------------  -----  ---------  --------  ----------  --------------  -------------------
/opt/airflow/dags/dag_film_digest.py                           1           0  0.11s           2026-03-03T13:25:58
================================================================================
[2026-03-03T13:26:57.954+0000] {manager.py:878} INFO - 
================================================================================
DAG File Processing Stats

File Path                             PID    Runtime      # DAGs    # Errors  Last Runtime    Last Run
------------------------------------  -----  ---------  --------  ----------  --------------  -------------------
/opt/airflow/dags/dag_film_digest.py                           1           0  0.12s           2026-03-03T13:26:28
================================================================================
[2026-03-03T13:27:28.249+0000] {manager.py:878} INFO - 
================================================================================
DAG File Processing Stats

File Path                             PID    Runtime      # DAGs    # Errors  Last Runtime    Last Run
------------------------------------  -----  ---------  --------  ----------  --------------  -------------------
/opt/airflow/dags/dag_film_digest.py                           1           0  0.13s           2026-03-03T13:26:59
================================================================================
[2026-03-03T13:27:58.624+0000] {manager.py:878} INFO - 
================================================================================
DAG File Processing Stats

File Path                             PID    Runtime      # DAGs    # Errors  Last Runtime    Last Run
------------------------------------  -----  ---------  --------  ----------  --------------  -------------------
/opt/airflow/dags/dag_film_digest.py                           1           0  0.14s           2026-03-03T13:27:29
================================================================================
[2026-03-03T13:28:28.933+0000] {manager.py:878} INFO - 
================================================================================
DAG File Processing Stats

File Path                             PID    Runtime      # DAGs    # Errors  Last Runtime    Last Run
------------------------------------  -----  ---------  --------  ----------  --------------  -------------------
/opt/airflow/dags/dag_film_digest.py                           1           0  0.12s           2026-03-03T13:27:59
================================================================================
[2026-03-03T13:28:59.313+0000] {manager.py:878} INFO - 
================================================================================
DAG File Processing Stats

File Path                             PID    Runtime      # DAGs    # Errors  Last Runtime    Last Run
------------------------------------  -----  ---------  --------  ----------  --------------  -------------------
/opt/airflow/dags/dag_film_digest.py                           1           0  0.11s           2026-03-03T13:28:30
================================================================================
[2026-03-03T13:29:17.434+0000] {manager.py:737} INFO - Searching for files in /opt/airflow/dags
[2026-03-03T13:29:17.436+0000] {manager.py:740} INFO - There are 1 files in /opt/airflow/dags
[2026-03-03T13:29:29.679+0000] {manager.py:878} INFO - 
================================================================================
DAG File Processing Stats

File Path                             PID    Runtime      # DAGs    # Errors  Last Runtime    Last Run
------------------------------------  -----  ---------  --------  ----------  --------------  -------------------
/opt/airflow/dags/dag_film_digest.py                           1           0  0.11s           2026-03-03T13:29:00
================================================================================
[2026-03-03T13:30:00.026+0000] {manager.py:878} INFO - 
================================================================================
DAG File Processing Stats

File Path                             PID    Runtime      # DAGs    # Errors  Last Runtime    Last Run
------------------------------------  -----  ---------  --------  ----------  --------------  -------------------
/opt/airflow/dags/dag_film_digest.py                           1           0  0.11s           2026-03-03T13:29:30
================================================================================
[2026-03-03T13:30:30.349+0000] {manager.py:878} INFO - 
================================================================================
DAG File Processing Stats

File Path                             PID    Runtime      # DAGs    # Errors  Last Runtime    Last Run
------------------------------------  -----  ---------  --------  ----------  --------------  -------------------
/opt/airflow/dags/dag_film_digest.py                           1           0  0.12s           2026-03-03T13:30:01
================================================================================
[2026-03-03T13:31:00.742+0000] {manager.py:878} INFO - 
================================================================================
DAG File Processing Stats

File Path                             PID    Runtime      # DAGs    # Errors  Last Runtime    Last Run
------------------------------------  -----  ---------  --------  ----------  --------------  -------------------
/opt/airflow/dags/dag_film_digest.py                           1           0  0.12s           2026-03-03T13:30:31
================================================================================
[2026-03-03T13:31:31.055+0000] {manager.py:878} INFO - 
================================================================================
DAG File Processing Stats

File Path                             PID    Runtime      # DAGs    # Errors  Last Runtime    Last Run
------------------------------------  -----  ---------  --------  ----------  --------------  -------------------
/opt/airflow/dags/dag_film_digest.py                           1           0  0.12s           2026-03-03T13:31:01
================================================================================
[2026-03-03T13:32:01.438+0000] {manager.py:878} INFO - 
================================================================================
DAG File Processing Stats

File Path                             PID    Runtime      # DAGs    # Errors  Last Runtime    Last Run
------------------------------------  -----  ---------  --------  ----------  --------------  -------------------
/opt/airflow/dags/dag_film_digest.py                           1           0  0.12s           2026-03-03T13:31:32
================================================================================
[2026-03-03T13:32:31.776+0000] {manager.py:878} INFO - 
================================================================================
DAG File Processing Stats

File Path                             PID    Runtime      # DAGs    # Errors  Last Runtime    Last Run
------------------------------------  -----  ---------  --------  ----------  --------------  -------------------
/opt/airflow/dags/dag_film_digest.py                           1           0  0.11s           2026-03-03T13:32:02
================================================================================
[2026-03-03T13:33:02.149+0000] {manager.py:878} INFO - 
================================================================================
DAG File Processing Stats

File Path                             PID    Runtime      # DAGs    # Errors  Last Runtime    Last Run
------------------------------------  -----  ---------  --------  ----------  --------------  -------------------
/opt/airflow/dags/dag_film_digest.py                           1           0  0.10s           2026-03-03T13:32:32
================================================================================
[2026-03-03T13:33:32.510+0000] {manager.py:878} INFO - 
================================================================================
DAG File Processing Stats

File Path                             PID    Runtime      # DAGs    # Errors  Last Runtime    Last Run
------------------------------------  -----  ---------  --------  ----------  --------------  -------------------
/opt/airflow/dags/dag_film_digest.py                           1           0  0.12s           2026-03-03T13:33:03
================================================================================
[2026-03-03T13:34:02.897+0000] {manager.py:878} INFO - 
================================================================================
DAG File Processing Stats

File Path                             PID    Runtime      # DAGs    # Errors  Last Runtime    Last Run
------------------------------------  -----  ---------  --------  ----------  --------------  -------------------
/opt/airflow/dags/dag_film_digest.py                           1           0  0.11s           2026-03-03T13:33:33
================================================================================
[2026-03-03T13:34:18.006+0000] {manager.py:737} INFO - Searching for files in /opt/airflow/dags
[2026-03-03T13:34:18.007+0000] {manager.py:740} INFO - There are 1 files in /opt/airflow/dags
[2026-03-03T13:34:33.236+0000] {manager.py:878} INFO - 
================================================================================
DAG File Processing Stats

File Path                             PID    Runtime      # DAGs    # Errors  Last Runtime    Last Run
------------------------------------  -----  ---------  --------  ----------  --------------  -------------------
/opt/airflow/dags/dag_film_digest.py                           1           0  0.11s           2026-03-03T13:34:04
================================================================================
[2026-03-03T13:35:03.588+0000] {manager.py:878} INFO - 
================================================================================
DAG File Processing Stats

File Path                             PID    Runtime      # DAGs    # Errors  Last Runtime    Last Run
------------------------------------  -----  ---------  --------  ----------  --------------  -------------------
/opt/airflow/dags/dag_film_digest.py                           1           0  0.11s           2026-03-03T13:34:34
================================================================================
[2026-03-03T13:35:33.966+0000] {manager.py:878} INFO - 
================================================================================
DAG File Processing Stats

File Path                             PID    Runtime      # DAGs    # Errors  Last Runtime    Last Run
------------------------------------  -----  ---------  --------  ----------  --------------  -------------------
/opt/airflow/dags/dag_film_digest.py                           1           0  0.12s           2026-03-03T13:35:04
================================================================================
[2026-03-03T13:36:04.339+0000] {manager.py:878} INFO - 
================================================================================
DAG File Processing Stats

File Path                             PID    Runtime      # DAGs    # Errors  Last Runtime    Last Run
------------------------------------  -----  ---------  --------  ----------  --------------  -------------------
/opt/airflow/dags/dag_film_digest.py                           1           0  0.14s           2026-03-03T13:35:35
================================================================================
[2026-03-03T13:36:34.709+0000] {manager.py:878} INFO - 
================================================================================
DAG File Processing Stats

File Path                             PID    Runtime      # DAGs    # Errors  Last Runtime    Last Run
------------------------------------  -----  ---------  --------  ----------  --------------  -------------------
/opt/airflow/dags/dag_film_digest.py                           1           0  0.10s           2026-03-03T13:36:05
================================================================================
[2026-03-03T13:37:05.380+0000] {manager.py:878} INFO - 
================================================================================
DAG File Processing Stats

File Path                             PID    Runtime      # DAGs    # Errors  Last Runtime    Last Run
------------------------------------  -----  ---------  --------  ----------  --------------  -------------------
/opt/airflow/dags/dag_film_digest.py                           1           0  0.10s           2026-03-03T13:36:35
================================================================================
[2026-03-03T13:37:35.773+0000] {manager.py:878} INFO - 
================================================================================
DAG File Processing Stats

File Path                             PID    Runtime      # DAGs    # Errors  Last Runtime    Last Run
------------------------------------  -----  ---------  --------  ----------  --------------  -------------------
/opt/airflow/dags/dag_film_digest.py                           1           0  0.11s           2026-03-03T13:37:06
================================================================================
[2026-03-03T13:38:06.086+0000] {manager.py:878} INFO - 
================================================================================
DAG File Processing Stats

File Path                             PID    Runtime      # DAGs    # Errors  Last Runtime    Last Run
------------------------------------  -----  ---------  --------  ----------  --------------  -------------------
/opt/airflow/dags/dag_film_digest.py                           1           0  0.12s           2026-03-03T13:37:36
================================================================================
[2026-03-03T13:38:36.510+0000] {manager.py:878} INFO - 
================================================================================
DAG File Processing Stats

File Path                             PID    Runtime      # DAGs    # Errors  Last Runtime    Last Run
------------------------------------  -----  ---------  --------  ----------  --------------  -------------------
/opt/airflow/dags/dag_film_digest.py                           1           0  0.10s           2026-03-03T13:38:07
================================================================================
[2026-03-03T13:39:06.835+0000] {manager.py:878} INFO - 
================================================================================
DAG File Processing Stats

File Path                             PID    Runtime      # DAGs    # Errors  Last Runtime    Last Run
------------------------------------  -----  ---------  --------  ----------  --------------  -------------------
/opt/airflow/dags/dag_film_digest.py                           1           0  0.11s           2026-03-03T13:38:37
================================================================================
[2026-03-03T13:39:18.990+0000] {manager.py:737} INFO - Searching for files in /opt/airflow/dags
[2026-03-03T13:39:18.991+0000] {manager.py:740} INFO - There are 1 files in /opt/airflow/dags
[2026-03-03T13:39:37.249+0000] {manager.py:878} INFO - 
================================================================================
DAG File Processing Stats

File Path                             PID    Runtime      # DAGs    # Errors  Last Runtime    Last Run
------------------------------------  -----  ---------  --------  ----------  --------------  -------------------
/opt/airflow/dags/dag_film_digest.py                           1           0  0.11s           2026-03-03T13:39:07
================================================================================
[2026-03-03T13:40:07.597+0000] {manager.py:878} INFO - 
================================================================================
DAG File Processing Stats

File Path                             PID    Runtime      # DAGs    # Errors  Last Runtime    Last Run
------------------------------------  -----  ---------  --------  ----------  --------------  -------------------
/opt/airflow/dags/dag_film_digest.py                           1           0  0.11s           2026-03-03T13:39:38
================================================================================
[2026-03-03T13:40:37.988+0000] {manager.py:878} INFO - 
================================================================================
DAG File Processing Stats

File Path                             PID    Runtime      # DAGs    # Errors  Last Runtime    Last Run
------------------------------------  -----  ---------  --------  ----------  --------------  -------------------
/opt/airflow/dags/dag_film_digest.py                           1           0  0.11s           2026-03-03T13:40:08
================================================================================
[2026-03-03T13:41:08.303+0000] {manager.py:878} INFO - 
================================================================================
DAG File Processing Stats

File Path                             PID    Runtime      # DAGs    # Errors  Last Runtime    Last Run
------------------------------------  -----  ---------  --------  ----------  --------------  -------------------
/opt/airflow/dags/dag_film_digest.py                           1           0  0.11s           2026-03-03T13:40:39
================================================================================
[2026-03-03T13:41:38.699+0000] {manager.py:878} INFO - 
================================================================================
DAG File Processing Stats

File Path                             PID    Runtime      # DAGs    # Errors  Last Runtime    Last Run
------------------------------------  -----  ---------  --------  ----------  --------------  -------------------
/opt/airflow/dags/dag_film_digest.py                           1           0  0.11s           2026-03-03T13:41:09
================================================================================
[2026-03-03T13:42:09.018+0000] {manager.py:878} INFO - 
================================================================================
DAG File Processing Stats

File Path                             PID    Runtime      # DAGs    # Errors  Last Runtime    Last Run
------------------------------------  -----  ---------  --------  ----------  --------------  -------------------
/opt/airflow/dags/dag_film_digest.py                           1           0  0.11s           2026-03-03T13:41:39
================================================================================
[2026-03-03T13:42:47.082+0000] {manager.py:470} INFO - Processing files using up to 2 processes at a time 
[2026-03-03T13:42:47.084+0000] {manager.py:471} INFO - Process each file at most once every 30 seconds
[2026-03-03T13:42:47.084+0000] {manager.py:472} INFO - Checking for new files in /opt/airflow/dags every 300 seconds
[2026-03-03T13:42:47.085+0000] {manager.py:737} INFO - Searching for files in /opt/airflow/dags
[2026-03-03T13:42:47.089+0000] {manager.py:740} INFO - There are 1 files in /opt/airflow/dags
[2026-03-03T13:42:48.490+0000] {manager.py:878} INFO - 
================================================================================
DAG File Processing Stats

File Path                             PID    Runtime      # DAGs    # Errors  Last Runtime    Last Run
------------------------------------  -----  ---------  --------  ----------  --------------  -------------------
/opt/airflow/dags/dag_film_digest.py                           1           0  0.27s           2026-03-03T13:42:47
================================================================================
[2026-03-03T13:43:38.360+0000] {manager.py:470} INFO - Processing files using up to 2 processes at a time 
[2026-03-03T13:43:38.366+0000] {manager.py:471} INFO - Process each file at most once every 30 seconds
[2026-03-03T13:43:38.366+0000] {manager.py:472} INFO - Checking for new files in /opt/airflow/dags every 300 seconds
[2026-03-03T13:43:38.367+0000] {manager.py:737} INFO - Searching for files in /opt/airflow/dags
[2026-03-03T13:43:38.373+0000] {manager.py:740} INFO - There are 1 files in /opt/airflow/dags
[2026-03-03T13:43:48.565+0000] {manager.py:878} INFO - 
================================================================================
DAG File Processing Stats

File Path                             PID    Runtime      # DAGs    # Errors  Last Runtime    Last Run
------------------------------------  -----  ---------  --------  ----------  --------------  -------------------
/opt/airflow/dags/dag_film_digest.py                           1           0  0.18s           2026-03-03T13:43:38
================================================================================
[2026-03-03T13:44:31.297+0000] {manager.py:470} INFO - Processing files using up to 2 processes at a time 
[2026-03-03T13:44:31.298+0000] {manager.py:471} INFO - Process each file at most once every 30 seconds
[2026-03-03T13:44:31.299+0000] {manager.py:472} INFO - Checking for new files in /opt/airflow/dags every 300 seconds
[2026-03-03T13:44:31.299+0000] {manager.py:737} INFO - Searching for files in /opt/airflow/dags
[2026-03-03T13:44:31.302+0000] {manager.py:740} INFO - There are 1 files in /opt/airflow/dags
[2026-03-03T13:44:41.513+0000] {manager.py:878} INFO - 
================================================================================
DAG File Processing Stats

File Path                             PID    Runtime      # DAGs    # Errors  Last Runtime    Last Run
------------------------------------  -----  ---------  --------  ----------  --------------  -------------------
/opt/airflow/dags/dag_film_digest.py                           1           0  0.18s           2026-03-03T13:44:31
================================================================================
[2026-03-03T13:45:11.759+0000] {manager.py:878} INFO - 
================================================================================
DAG File Processing Stats

File Path                             PID    Runtime      # DAGs    # Errors  Last Runtime    Last Run
------------------------------------  -----  ---------  --------  ----------  --------------  -------------------
/opt/airflow/dags/dag_film_digest.py                           1           0  0.11s           2026-03-03T13:45:01
================================================================================
[2026-03-03T13:45:41.926+0000] {manager.py:878} INFO - 
================================================================================
DAG File Processing Stats

File Path                             PID    Runtime      # DAGs    # Errors  Last Runtime    Last Run
------------------------------------  -----  ---------  --------  ----------  --------------  -------------------
/opt/airflow/dags/dag_film_digest.py                           1           0  0.09s           2026-03-03T13:45:31
================================================================================
[2026-03-03T13:46:12.199+0000] {manager.py:878} INFO - 
================================================================================
DAG File Processing Stats

File Path                             PID    Runtime      # DAGs    # Errors  Last Runtime    Last Run
------------------------------------  -----  ---------  --------  ----------  --------------  -------------------
/opt/airflow/dags/dag_film_digest.py                           1           0  0.10s           2026-03-03T13:46:02
================================================================================
[2026-03-03T13:46:42.394+0000] {manager.py:878} INFO - 
================================================================================
DAG File Processing Stats

File Path                             PID    Runtime      # DAGs    # Errors  Last Runtime    Last Run
------------------------------------  -----  ---------  --------  ----------  --------------  -------------------
/opt/airflow/dags/dag_film_digest.py                           1           0  0.09s           2026-03-03T13:46:32
================================================================================
[2026-03-03T13:47:12.675+0000] {manager.py:878} INFO - 
================================================================================
DAG File Processing Stats

File Path                             PID    Runtime      # DAGs    # Errors  Last Runtime    Last Run
------------------------------------  -----  ---------  --------  ----------  --------------  -------------------
/opt/airflow/dags/dag_film_digest.py                           1           0  0.10s           2026-03-03T13:47:02
================================================================================
[2026-03-03T13:47:42.916+0000] {manager.py:878} INFO - 
================================================================================
DAG File Processing Stats

File Path                             PID    Runtime      # DAGs    # Errors  Last Runtime    Last Run
------------------------------------  -----  ---------  --------  ----------  --------------  -------------------
/opt/airflow/dags/dag_film_digest.py                           1           0  0.10s           2026-03-03T13:47:32
================================================================================
[2026-03-03T13:48:13.223+0000] {manager.py:878} INFO - 
================================================================================
DAG File Processing Stats

File Path                             PID    Runtime      # DAGs    # Errors  Last Runtime    Last Run
------------------------------------  -----  ---------  --------  ----------  --------------  -------------------
/opt/airflow/dags/dag_film_digest.py                           1           0  0.09s           2026-03-03T13:48:03
================================================================================
[2026-03-03T13:48:43.482+0000] {manager.py:878} INFO - 
================================================================================
DAG File Processing Stats

File Path                             PID    Runtime      # DAGs    # Errors  Last Runtime    Last Run
------------------------------------  -----  ---------  --------  ----------  --------------  -------------------
/opt/airflow/dags/dag_film_digest.py                           1           0  0.09s           2026-03-03T13:48:33
================================================================================
[2026-03-03T13:49:13.774+0000] {manager.py:878} INFO - 
================================================================================
DAG File Processing Stats

File Path                             PID    Runtime      # DAGs    # Errors  Last Runtime    Last Run
------------------------------------  -----  ---------  --------  ----------  --------------  -------------------
/opt/airflow/dags/dag_film_digest.py                           1           0  0.10s           2026-03-03T13:49:03
================================================================================
[2026-03-03T13:49:31.964+0000] {manager.py:737} INFO - Searching for files in /opt/airflow/dags
[2026-03-03T13:49:31.965+0000] {manager.py:740} INFO - There are 1 files in /opt/airflow/dags
[2026-03-03T13:49:44.042+0000] {manager.py:878} INFO - 
================================================================================
DAG File Processing Stats

File Path                             PID    Runtime      # DAGs    # Errors  Last Runtime    Last Run
------------------------------------  -----  ---------  --------  ----------  --------------  -------------------
/opt/airflow/dags/dag_film_digest.py                           1           0  0.10s           2026-03-03T13:49:34
================================================================================
[2026-03-03T13:50:14.386+0000] {manager.py:878} INFO - 
================================================================================
DAG File Processing Stats

File Path                             PID    Runtime      # DAGs    # Errors  Last Runtime    Last Run
------------------------------------  -----  ---------  --------  ----------  --------------  -------------------
/opt/airflow/dags/dag_film_digest.py                           1           0  0.10s           2026-03-03T13:50:04
================================================================================
[2026-03-03T13:50:44.633+0000] {manager.py:878} INFO - 
================================================================================
DAG File Processing Stats

File Path                             PID    Runtime      # DAGs    # Errors  Last Runtime    Last Run
------------------------------------  -----  ---------  --------  ----------  --------------  -------------------
/opt/airflow/dags/dag_film_digest.py                           1           0  0.10s           2026-03-03T13:50:34
================================================================================
[2026-03-03T13:51:15.073+0000] {manager.py:878} INFO - 
================================================================================
DAG File Processing Stats

File Path                             PID    Runtime      # DAGs    # Errors  Last Runtime    Last Run
------------------------------------  -----  ---------  --------  ----------  --------------  -------------------
/opt/airflow/dags/dag_film_digest.py                           1           0  0.10s           2026-03-03T13:51:05
================================================================================
[2026-03-03T13:51:45.369+0000] {manager.py:878} INFO - 
================================================================================
DAG File Processing Stats

File Path                             PID    Runtime      # DAGs    # Errors  Last Runtime    Last Run
------------------------------------  -----  ---------  --------  ----------  --------------  -------------------
/opt/airflow/dags/dag_film_digest.py                           1           0  0.13s           2026-03-03T13:51:35
================================================================================
[2026-03-03T13:52:15.677+0000] {manager.py:878} INFO - 
================================================================================
DAG File Processing Stats

File Path                             PID    Runtime      # DAGs    # Errors  Last Runtime    Last Run
------------------------------------  -----  ---------  --------  ----------  --------------  -------------------
/opt/airflow/dags/dag_film_digest.py                           1           0  0.15s           2026-03-03T13:52:05
================================================================================
[2026-03-03T13:52:45.863+0000] {manager.py:878} INFO - 
================================================================================
DAG File Processing Stats

File Path                             PID    Runtime      # DAGs    # Errors  Last Runtime    Last Run
------------------------------------  -----  ---------  --------  ----------  --------------  -------------------
/opt/airflow/dags/dag_film_digest.py                           1           0  0.13s           2026-03-03T13:52:35
================================================================================
[2026-03-03T13:53:16.178+0000] {manager.py:878} INFO - 
================================================================================
DAG File Processing Stats

File Path                             PID    Runtime      # DAGs    # Errors  Last Runtime    Last Run
------------------------------------  -----  ---------  --------  ----------  --------------  -------------------
/opt/airflow/dags/dag_film_digest.py                           1           0  0.13s           2026-03-03T13:53:06
================================================================================
[2026-03-03T13:53:46.398+0000] {manager.py:878} INFO - 
================================================================================
DAG File Processing Stats

File Path                             PID    Runtime      # DAGs    # Errors  Last Runtime    Last Run
------------------------------------  -----  ---------  --------  ----------  --------------  -------------------
/opt/airflow/dags/dag_film_digest.py                           1           0  0.16s           2026-03-03T13:53:36
================================================================================
[2026-03-03T13:54:16.632+0000] {manager.py:878} INFO - 
================================================================================
DAG File Processing Stats

File Path                             PID    Runtime      # DAGs    # Errors  Last Runtime    Last Run
------------------------------------  -----  ---------  --------  ----------  --------------  -------------------
/opt/airflow/dags/dag_film_digest.py                           1           0  0.14s           2026-03-03T13:54:06
================================================================================
[2026-03-03T13:54:32.781+0000] {manager.py:737} INFO - Searching for files in /opt/airflow/dags
[2026-03-03T13:54:32.782+0000] {manager.py:740} INFO - There are 1 files in /opt/airflow/dags
[2026-03-03T13:54:46.967+0000] {manager.py:878} INFO - 
================================================================================
DAG File Processing Stats

File Path                             PID    Runtime      # DAGs    # Errors  Last Runtime    Last Run
------------------------------------  -----  ---------  --------  ----------  --------------  -------------------
/opt/airflow/dags/dag_film_digest.py                           1           0  0.14s           2026-03-03T13:54:36
================================================================================
[2026-03-03T13:55:17.154+0000] {manager.py:878} INFO - 
================================================================================
DAG File Processing Stats

File Path                             PID    Runtime      # DAGs    # Errors  Last Runtime    Last Run
------------------------------------  -----  ---------  --------  ----------  --------------  -------------------
/opt/airflow/dags/dag_film_digest.py                           1           0  0.11s           2026-03-03T13:55:07
================================================================================
[2026-03-03T13:55:47.521+0000] {manager.py:878} INFO - 
================================================================================
DAG File Processing Stats

File Path                             PID    Runtime      # DAGs    # Errors  Last Runtime    Last Run
------------------------------------  -----  ---------  --------  ----------  --------------  -------------------
/opt/airflow/dags/dag_film_digest.py                           1           0  0.10s           2026-03-03T13:55:37
================================================================================
[2026-03-03T13:56:17.831+0000] {manager.py:878} INFO - 
================================================================================
DAG File Processing Stats

File Path                             PID    Runtime      # DAGs    # Errors  Last Runtime    Last Run
------------------------------------  -----  ---------  --------  ----------  --------------  -------------------
/opt/airflow/dags/dag_film_digest.py                           1           0  0.10s           2026-03-03T13:56:07
================================================================================
[2026-03-03T13:56:48.156+0000] {manager.py:878} INFO - 
================================================================================
DAG File Processing Stats

File Path                             PID    Runtime      # DAGs    # Errors  Last Runtime    Last Run
------------------------------------  -----  ---------  --------  ----------  --------------  -------------------
/opt/airflow/dags/dag_film_digest.py                           1           0  0.10s           2026-03-03T13:56:38
================================================================================
[2026-03-03T13:57:18.964+0000] {manager.py:878} INFO - 
================================================================================
DAG File Processing Stats

File Path                             PID    Runtime      # DAGs    # Errors  Last Runtime    Last Run
------------------------------------  -----  ---------  --------  ----------  --------------  -------------------
/opt/airflow/dags/dag_film_digest.py                           1           0  0.12s           2026-03-03T13:57:09
================================================================================
[2026-03-03T13:57:49.134+0000] {manager.py:878} INFO - 
================================================================================
DAG File Processing Stats

File Path                             PID    Runtime      # DAGs    # Errors  Last Runtime    Last Run
------------------------------------  -----  ---------  --------  ----------  --------------  -------------------
/opt/airflow/dags/dag_film_digest.py                           1           0  0.10s           2026-03-03T13:57:39
================================================================================
[2026-03-03T13:58:19.510+0000] {manager.py:878} INFO - 
================================================================================
DAG File Processing Stats

File Path                             PID    Runtime      # DAGs    # Errors  Last Runtime    Last Run
------------------------------------  -----  ---------  --------  ----------  --------------  -------------------
/opt/airflow/dags/dag_film_digest.py                           1           0  0.11s           2026-03-03T13:58:09
================================================================================
[2026-03-03T13:58:49.747+0000] {manager.py:878} INFO - 
================================================================================
DAG File Processing Stats

File Path                             PID    Runtime      # DAGs    # Errors  Last Runtime    Last Run
------------------------------------  -----  ---------  --------  ----------  --------------  -------------------
/opt/airflow/dags/dag_film_digest.py                           1           0  0.12s           2026-03-03T13:58:39
================================================================================
[2026-03-03T13:59:20.368+0000] {manager.py:878} INFO - 
================================================================================
DAG File Processing Stats

File Path                             PID    Runtime      # DAGs    # Errors  Last Runtime    Last Run
------------------------------------  -----  ---------  --------  ----------  --------------  -------------------
/opt/airflow/dags/dag_film_digest.py                           1           0  0.10s           2026-03-03T13:59:10
================================================================================
[2026-03-03T13:59:33.453+0000] {manager.py:737} INFO - Searching for files in /opt/airflow/dags
[2026-03-03T13:59:33.456+0000] {manager.py:740} INFO - There are 1 files in /opt/airflow/dags
[2026-03-03T13:59:50.692+0000] {manager.py:878} INFO - 
================================================================================
DAG File Processing Stats

File Path                             PID    Runtime      # DAGs    # Errors  Last Runtime    Last Run
------------------------------------  -----  ---------  --------  ----------  --------------  -------------------
/opt/airflow/dags/dag_film_digest.py                           1           0  0.10s           2026-03-03T13:59:40
================================================================================
[2026-03-03T14:00:21.360+0000] {manager.py:878} INFO - 
================================================================================
DAG File Processing Stats

File Path                             PID    Runtime      # DAGs    # Errors  Last Runtime    Last Run
------------------------------------  -----  ---------  --------  ----------  --------------  -------------------
/opt/airflow/dags/dag_film_digest.py                           1           0  0.10s           2026-03-03T14:00:11
================================================================================
[2026-03-03T14:00:51.675+0000] {manager.py:878} INFO - 
================================================================================
DAG File Processing Stats

File Path                             PID    Runtime      # DAGs    # Errors  Last Runtime    Last Run
------------------------------------  -----  ---------  --------  ----------  --------------  -------------------
/opt/airflow/dags/dag_film_digest.py                           1           0  0.09s           2026-03-03T14:00:41
================================================================================
[2026-03-03T14:01:22.007+0000] {manager.py:878} INFO - 
================================================================================
DAG File Processing Stats

File Path                             PID    Runtime      # DAGs    # Errors  Last Runtime    Last Run
------------------------------------  -----  ---------  --------  ----------  --------------  -------------------
/opt/airflow/dags/dag_film_digest.py                           1           0  0.09s           2026-03-03T14:01:11
================================================================================
[2026-03-03T14:01:52.317+0000] {manager.py:878} INFO - 
================================================================================
DAG File Processing Stats

File Path                             PID    Runtime      # DAGs    # Errors  Last Runtime    Last Run
------------------------------------  -----  ---------  --------  ----------  --------------  -------------------
/opt/airflow/dags/dag_film_digest.py                           1           0  0.10s           2026-03-03T14:01:42
================================================================================
[2026-03-03T14:02:22.666+0000] {manager.py:878} INFO - 
================================================================================
DAG File Processing Stats

File Path                             PID    Runtime      # DAGs    # Errors  Last Runtime    Last Run
------------------------------------  -----  ---------  --------  ----------  --------------  -------------------
/opt/airflow/dags/dag_film_digest.py                           1           0  0.09s           2026-03-03T14:02:12
================================================================================
[2026-03-03T14:02:52.970+0000] {manager.py:878} INFO - 
================================================================================
DAG File Processing Stats

File Path                             PID    Runtime      # DAGs    # Errors  Last Runtime    Last Run
------------------------------------  -----  ---------  --------  ----------  --------------  -------------------
/opt/airflow/dags/dag_film_digest.py                           1           0  0.09s           2026-03-03T14:02:42
================================================================================
[2026-03-03T14:03:23.315+0000] {manager.py:878} INFO - 
================================================================================
DAG File Processing Stats

File Path                             PID    Runtime      # DAGs    # Errors  Last Runtime    Last Run
------------------------------------  -----  ---------  --------  ----------  --------------  -------------------
/opt/airflow/dags/dag_film_digest.py                           1           0  0.11s           2026-03-03T14:03:13
================================================================================
[2026-03-03T14:04:16.224+0000] {manager.py:470} INFO - Processing files using up to 2 processes at a time 
[2026-03-03T14:04:16.225+0000] {manager.py:471} INFO - Process each file at most once every 30 seconds
[2026-03-03T14:04:16.225+0000] {manager.py:472} INFO - Checking for new files in /opt/airflow/dags every 300 seconds
[2026-03-03T14:04:16.226+0000] {manager.py:737} INFO - Searching for files in /opt/airflow/dags
[2026-03-03T14:04:16.229+0000] {manager.py:740} INFO - There are 1 files in /opt/airflow/dags
[2026-03-03T14:04:25.440+0000] {manager.py:878} INFO - 
================================================================================
DAG File Processing Stats

File Path                             PID    Runtime      # DAGs    # Errors  Last Runtime    Last Run
------------------------------------  -----  ---------  --------  ----------  --------------  -------------------
/opt/airflow/dags/dag_film_digest.py                           1           0  0.18s           2026-03-03T14:04:16
================================================================================
[2026-03-03T14:04:55.707+0000] {manager.py:878} INFO - 
================================================================================
DAG File Processing Stats

File Path                             PID    Runtime      # DAGs    # Errors  Last Runtime    Last Run
------------------------------------  -----  ---------  --------  ----------  --------------  -------------------
/opt/airflow/dags/dag_film_digest.py                           1           0  0.14s           2026-03-03T14:04:46
================================================================================
[2026-03-03T14:05:25.887+0000] {manager.py:878} INFO - 
================================================================================
DAG File Processing Stats

File Path                             PID    Runtime      # DAGs    # Errors  Last Runtime    Last Run
------------------------------------  -----  ---------  --------  ----------  --------------  -------------------
/opt/airflow/dags/dag_film_digest.py                           1           0  0.13s           2026-03-03T14:05:16
================================================================================
[2026-03-03T14:05:56.157+0000] {manager.py:878} INFO - 
================================================================================
DAG File Processing Stats

File Path                             PID    Runtime      # DAGs    # Errors  Last Runtime    Last Run
------------------------------------  -----  ---------  --------  ----------  --------------  -------------------
/opt/airflow/dags/dag_film_digest.py                           1           0  0.11s           2026-03-03T14:05:47
================================================================================
[2026-03-03T14:06:26.367+0000] {manager.py:878} INFO - 
================================================================================
DAG File Processing Stats

File Path                             PID    Runtime      # DAGs    # Errors  Last Runtime    Last Run
------------------------------------  -----  ---------  --------  ----------  --------------  -------------------
/opt/airflow/dags/dag_film_digest.py                           1           0  0.10s           2026-03-03T14:06:17
================================================================================
[2026-03-03T14:06:56.672+0000] {manager.py:878} INFO - 
================================================================================
DAG File Processing Stats

File Path                             PID    Runtime      # DAGs    # Errors  Last Runtime    Last Run
------------------------------------  -----  ---------  --------  ----------  --------------  -------------------
/opt/airflow/dags/dag_film_digest.py                           1           0  0.11s           2026-03-03T14:06:47
================================================================================
[2026-03-03T14:07:27.647+0000] {manager.py:470} INFO - Processing files using up to 2 processes at a time 
[2026-03-03T14:07:27.648+0000] {manager.py:471} INFO - Process each file at most once every 30 seconds
[2026-03-03T14:07:27.648+0000] {manager.py:472} INFO - Checking for new files in /opt/airflow/dags every 300 seconds
[2026-03-03T14:07:27.649+0000] {manager.py:737} INFO - Searching for files in /opt/airflow/dags
[2026-03-03T14:07:27.651+0000] {manager.py:740} INFO - There are 1 files in /opt/airflow/dags
[2026-03-03T14:07:35.897+0000] {manager.py:878} INFO - 
================================================================================
DAG File Processing Stats

File Path                             PID    Runtime      # DAGs    # Errors  Last Runtime    Last Run
------------------------------------  -----  ---------  --------  ----------  --------------  -------------------
/opt/airflow/dags/dag_film_digest.py                           1           0  0.20s           2026-03-03T14:07:27
================================================================================
[2026-03-03T14:08:06.158+0000] {manager.py:878} INFO - 
================================================================================
DAG File Processing Stats

File Path                             PID    Runtime      # DAGs    # Errors  Last Runtime    Last Run
------------------------------------  -----  ---------  --------  ----------  --------------  -------------------
/opt/airflow/dags/dag_film_digest.py                           1           0  0.12s           2026-03-03T14:07:58
================================================================================
[2026-03-03T14:08:36.368+0000] {manager.py:878} INFO - 
================================================================================
DAG File Processing Stats

File Path                             PID    Runtime      # DAGs    # Errors  Last Runtime    Last Run
------------------------------------  -----  ---------  --------  ----------  --------------  -------------------
/opt/airflow/dags/dag_film_digest.py                           1           0  0.10s           2026-03-03T14:08:28
================================================================================
[2026-03-03T14:09:06.645+0000] {manager.py:878} INFO - 
================================================================================
DAG File Processing Stats

File Path                             PID    Runtime      # DAGs    # Errors  Last Runtime    Last Run
------------------------------------  -----  ---------  --------  ----------  --------------  -------------------
/opt/airflow/dags/dag_film_digest.py                           1           0  0.11s           2026-03-03T14:08:58
================================================================================
[2026-03-03T14:09:36.845+0000] {manager.py:878} INFO - 
================================================================================
DAG File Processing Stats

File Path                             PID    Runtime      # DAGs    # Errors  Last Runtime    Last Run
------------------------------------  -----  ---------  --------  ----------  --------------  -------------------
/opt/airflow/dags/dag_film_digest.py                           1           0  0.09s           2026-03-03T14:09:28
================================================================================
[2026-03-03T14:10:07.156+0000] {manager.py:878} INFO - 
================================================================================
DAG File Processing Stats

File Path                             PID    Runtime      # DAGs    # Errors  Last Runtime    Last Run
------------------------------------  -----  ---------  --------  ----------  --------------  -------------------
/opt/airflow/dags/dag_film_digest.py                           1           0  0.11s           2026-03-03T14:09:59
================================================================================
[2026-03-03T14:10:37.410+0000] {manager.py:878} INFO - 
================================================================================
DAG File Processing Stats

File Path                             PID    Runtime      # DAGs    # Errors  Last Runtime    Last Run
------------------------------------  -----  ---------  --------  ----------  --------------  -------------------
/opt/airflow/dags/dag_film_digest.py                           1           0  0.11s           2026-03-03T14:10:29
================================================================================
[2026-03-03T14:11:07.719+0000] {manager.py:878} INFO - 
================================================================================
DAG File Processing Stats

File Path                             PID    Runtime      # DAGs    # Errors  Last Runtime    Last Run
------------------------------------  -----  ---------  --------  ----------  --------------  -------------------
/opt/airflow/dags/dag_film_digest.py                           1           0  0.10s           2026-03-03T14:10:59
================================================================================
[2026-03-03T14:11:37.997+0000] {manager.py:878} INFO - 
================================================================================
DAG File Processing Stats

File Path                             PID    Runtime      # DAGs    # Errors  Last Runtime    Last Run
------------------------------------  -----  ---------  --------  ----------  --------------  -------------------
/opt/airflow/dags/dag_film_digest.py                           1           0  0.10s           2026-03-03T14:11:30
================================================================================
[2026-03-03T14:12:08.285+0000] {manager.py:878} INFO - 
================================================================================
DAG File Processing Stats

File Path                             PID    Runtime      # DAGs    # Errors  Last Runtime    Last Run
------------------------------------  -----  ---------  --------  ----------  --------------  -------------------
/opt/airflow/dags/dag_film_digest.py                           1           0  0.16s           2026-03-03T14:12:00
================================================================================
[2026-03-03T14:12:28.481+0000] {manager.py:737} INFO - Searching for files in /opt/airflow/dags
[2026-03-03T14:12:28.482+0000] {manager.py:740} INFO - There are 1 files in /opt/airflow/dags
[2026-03-03T14:12:38.572+0000] {manager.py:878} INFO - 
================================================================================
DAG File Processing Stats

File Path                             PID    Runtime      # DAGs    # Errors  Last Runtime    Last Run
------------------------------------  -----  ---------  --------  ----------  --------------  -------------------
/opt/airflow/dags/dag_film_digest.py                           1           0  0.10s           2026-03-03T14:12:30
================================================================================
[2026-03-03T14:13:08.871+0000] {manager.py:878} INFO - 
================================================================================
DAG File Processing Stats

File Path                             PID    Runtime      # DAGs    # Errors  Last Runtime    Last Run
------------------------------------  -----  ---------  --------  ----------  --------------  -------------------
/opt/airflow/dags/dag_film_digest.py                           1           0  0.10s           2026-03-03T14:13:00
================================================================================
[2026-03-03T14:13:39.163+0000] {manager.py:878} INFO - 
================================================================================
DAG File Processing Stats

File Path                             PID    Runtime      # DAGs    # Errors  Last Runtime    Last Run
------------------------------------  -----  ---------  --------  ----------  --------------  -------------------
/opt/airflow/dags/dag_film_digest.py                           1           0  0.10s           2026-03-03T14:13:31
================================================================================
[2026-03-03T14:14:09.471+0000] {manager.py:878} INFO - 
================================================================================
DAG File Processing Stats

File Path                             PID    Runtime      # DAGs    # Errors  Last Runtime    Last Run
------------------------------------  -----  ---------  --------  ----------  --------------  -------------------
/opt/airflow/dags/dag_film_digest.py                           1           0  0.17s           2026-03-03T14:14:01
================================================================================
[2026-03-03T14:14:39.718+0000] {manager.py:878} INFO - 
================================================================================
DAG File Processing Stats

File Path                             PID    Runtime      # DAGs    # Errors  Last Runtime    Last Run
------------------------------------  -----  ---------  --------  ----------  --------------  -------------------
/opt/airflow/dags/dag_film_digest.py                           1           0  0.09s           2026-03-03T14:14:31
================================================================================
[2026-03-03T14:15:10.042+0000] {manager.py:878} INFO - 
================================================================================
DAG File Processing Stats

File Path                             PID    Runtime      # DAGs    # Errors  Last Runtime    Last Run
------------------------------------  -----  ---------  --------  ----------  --------------  -------------------
/opt/airflow/dags/dag_film_digest.py                           1           0  0.10s           2026-03-03T14:15:02
================================================================================
[2026-03-03T14:15:40.323+0000] {manager.py:878} INFO - 
================================================================================
DAG File Processing Stats

File Path                             PID    Runtime      # DAGs    # Errors  Last Runtime    Last Run
------------------------------------  -----  ---------  --------  ----------  --------------  -------------------
/opt/airflow/dags/dag_film_digest.py                           1           0  0.09s           2026-03-03T14:15:32
================================================================================
[2026-03-03T14:16:10.623+0000] {manager.py:878} INFO - 
================================================================================
DAG File Processing Stats

File Path                             PID    Runtime      # DAGs    # Errors  Last Runtime    Last Run
------------------------------------  -----  ---------  --------  ----------  --------------  -------------------
/opt/airflow/dags/dag_film_digest.py                           1           0  0.10s           2026-03-03T14:16:02
================================================================================
[2026-03-03T14:16:40.903+0000] {manager.py:878} INFO - 
================================================================================
DAG File Processing Stats

File Path                             PID    Runtime      # DAGs    # Errors  Last Runtime    Last Run
------------------------------------  -----  ---------  --------  ----------  --------------  -------------------
/opt/airflow/dags/dag_film_digest.py                           1           0  0.10s           2026-03-03T14:16:32
================================================================================
[2026-03-03T14:17:11.234+0000] {manager.py:878} INFO - 
================================================================================
DAG File Processing Stats

File Path                             PID    Runtime      # DAGs    # Errors  Last Runtime    Last Run
------------------------------------  -----  ---------  --------  ----------  --------------  -------------------
/opt/airflow/dags/dag_film_digest.py                           1           0  0.10s           2026-03-03T14:17:03
================================================================================
[2026-03-03T14:17:29.447+0000] {manager.py:737} INFO - Searching for files in /opt/airflow/dags
[2026-03-03T14:17:29.448+0000] {manager.py:740} INFO - There are 1 files in /opt/airflow/dags
[2026-03-03T14:17:41.542+0000] {manager.py:878} INFO - 
================================================================================
DAG File Processing Stats

File Path                             PID    Runtime      # DAGs    # Errors  Last Runtime    Last Run
------------------------------------  -----  ---------  --------  ----------  --------------  -------------------
/opt/airflow/dags/dag_film_digest.py                           1           0  0.10s           2026-03-03T14:17:33
================================================================================
[2026-03-03T14:18:11.879+0000] {manager.py:878} INFO - 
================================================================================
DAG File Processing Stats

File Path                             PID    Runtime      # DAGs    # Errors  Last Runtime    Last Run
------------------------------------  -----  ---------  --------  ----------  --------------  -------------------
/opt/airflow/dags/dag_film_digest.py                           1           0  0.10s           2026-03-03T14:18:03
================================================================================
[2026-03-03T14:18:58.144+0000] {manager.py:470} INFO - Processing files using up to 2 processes at a time 
[2026-03-03T14:18:58.146+0000] {manager.py:471} INFO - Process each file at most once every 30 seconds
[2026-03-03T14:18:58.146+0000] {manager.py:472} INFO - Checking for new files in /opt/airflow/dags every 300 seconds
[2026-03-03T14:18:58.146+0000] {manager.py:737} INFO - Searching for files in /opt/airflow/dags
[2026-03-03T14:18:58.149+0000] {manager.py:740} INFO - There are 1 files in /opt/airflow/dags
[2026-03-03T14:19:08.366+0000] {manager.py:878} INFO - 
================================================================================
DAG File Processing Stats

File Path                             PID    Runtime      # DAGs    # Errors  Last Runtime    Last Run
------------------------------------  -----  ---------  --------  ----------  --------------  -------------------
/opt/airflow/dags/dag_film_digest.py                           1           0  0.19s           2026-03-03T14:18:58
================================================================================
[2026-03-03T14:19:38.577+0000] {manager.py:878} INFO - 
================================================================================
DAG File Processing Stats

File Path                             PID    Runtime      # DAGs    # Errors  Last Runtime    Last Run
------------------------------------  -----  ---------  --------  ----------  --------------  -------------------
/opt/airflow/dags/dag_film_digest.py                           1           0  0.10s           2026-03-03T14:19:28
================================================================================
[2026-03-03T14:20:08.871+0000] {manager.py:878} INFO - 
================================================================================
DAG File Processing Stats

File Path                             PID    Runtime      # DAGs    # Errors  Last Runtime    Last Run
------------------------------------  -----  ---------  --------  ----------  --------------  -------------------
/opt/airflow/dags/dag_film_digest.py                           1           0  0.09s           2026-03-03T14:19:58
================================================================================
[2026-03-03T14:20:39.093+0000] {manager.py:878} INFO - 
================================================================================
DAG File Processing Stats

File Path                             PID    Runtime      # DAGs    # Errors  Last Runtime    Last Run
------------------------------------  -----  ---------  --------  ----------  --------------  -------------------
/opt/airflow/dags/dag_film_digest.py                           1           0  0.10s           2026-03-03T14:20:29
================================================================================
[2026-03-03T14:21:09.393+0000] {manager.py:878} INFO - 
================================================================================
DAG File Processing Stats

File Path                             PID    Runtime      # DAGs    # Errors  Last Runtime    Last Run
------------------------------------  -----  ---------  --------  ----------  --------------  -------------------
/opt/airflow/dags/dag_film_digest.py                           1           0  0.10s           2026-03-03T14:20:59
================================================================================
[2026-03-03T14:21:39.649+0000] {manager.py:878} INFO - 
================================================================================
DAG File Processing Stats

File Path                             PID    Runtime      # DAGs    # Errors  Last Runtime    Last Run
------------------------------------  -----  ---------  --------  ----------  --------------  -------------------
/opt/airflow/dags/dag_film_digest.py                           1           0  0.09s           2026-03-03T14:21:29
================================================================================
[2026-03-03T14:22:09.866+0000] {manager.py:878} INFO - 
================================================================================
DAG File Processing Stats

File Path                             PID    Runtime      # DAGs    # Errors  Last Runtime    Last Run
------------------------------------  -----  ---------  --------  ----------  --------------  -------------------
/opt/airflow/dags/dag_film_digest.py                           1           0  0.09s           2026-03-03T14:21:59
================================================================================
[2026-03-03T14:22:40.181+0000] {manager.py:878} INFO - 
================================================================================
DAG File Processing Stats

File Path                             PID    Runtime      # DAGs    # Errors  Last Runtime    Last Run
------------------------------------  -----  ---------  --------  ----------  --------------  -------------------
/opt/airflow/dags/dag_film_digest.py                           1           0  0.10s           2026-03-03T14:22:30
================================================================================
[2026-03-03T14:23:10.442+0000] {manager.py:878} INFO - 
================================================================================
DAG File Processing Stats

File Path                             PID    Runtime      # DAGs    # Errors  Last Runtime    Last Run
------------------------------------  -----  ---------  --------  ----------  --------------  -------------------
/opt/airflow/dags/dag_film_digest.py                           1           0  0.10s           2026-03-03T14:23:00
================================================================================
[2026-03-03T14:23:40.753+0000] {manager.py:878} INFO - 
================================================================================
DAG File Processing Stats

File Path                             PID    Runtime      # DAGs    # Errors  Last Runtime    Last Run
------------------------------------  -----  ---------  --------  ----------  --------------  -------------------
/opt/airflow/dags/dag_film_digest.py                           1           0  0.10s           2026-03-03T14:23:30
================================================================================
[2026-03-03T14:23:58.934+0000] {manager.py:737} INFO - Searching for files in /opt/airflow/dags
[2026-03-03T14:23:58.936+0000] {manager.py:740} INFO - There are 1 files in /opt/airflow/dags
[2026-03-03T14:24:11.026+0000] {manager.py:878} INFO - 
================================================================================
DAG File Processing Stats

File Path                             PID    Runtime      # DAGs    # Errors  Last Runtime    Last Run
------------------------------------  -----  ---------  --------  ----------  --------------  -------------------
/opt/airflow/dags/dag_film_digest.py                           1           0  0.10s           2026-03-03T14:24:01
================================================================================
[2026-03-03T14:24:41.374+0000] {manager.py:878} INFO - 
================================================================================
DAG File Processing Stats

File Path                             PID    Runtime      # DAGs    # Errors  Last Runtime    Last Run
------------------------------------  -----  ---------  --------  ----------  --------------  -------------------
/opt/airflow/dags/dag_film_digest.py                           1           0  0.10s           2026-03-03T14:24:31
================================================================================
[2026-03-03T14:25:11.675+0000] {manager.py:878} INFO - 
================================================================================
DAG File Processing Stats

File Path                             PID    Runtime      # DAGs    # Errors  Last Runtime    Last Run
------------------------------------  -----  ---------  --------  ----------  --------------  -------------------
/opt/airflow/dags/dag_film_digest.py                           1           0  0.09s           2026-03-03T14:25:01
================================================================================
[2026-03-03T14:25:41.980+0000] {manager.py:878} INFO - 
================================================================================
DAG File Processing Stats

File Path                             PID    Runtime      # DAGs    # Errors  Last Runtime    Last Run
------------------------------------  -----  ---------  --------  ----------  --------------  -------------------
/opt/airflow/dags/dag_film_digest.py                           1           0  0.10s           2026-03-03T14:25:31
================================================================================
[2026-03-03T14:26:12.242+0000] {manager.py:878} INFO - 
================================================================================
DAG File Processing Stats

File Path                             PID    Runtime      # DAGs    # Errors  Last Runtime    Last Run
------------------------------------  -----  ---------  --------  ----------  --------------  -------------------
/opt/airflow/dags/dag_film_digest.py                           1           0  0.22s           2026-03-03T14:26:02
================================================================================
[2026-03-03T14:26:42.462+0000] {manager.py:878} INFO - 
================================================================================
DAG File Processing Stats

File Path                             PID    Runtime      # DAGs    # Errors  Last Runtime    Last Run
------------------------------------  -----  ---------  --------  ----------  --------------  -------------------
/opt/airflow/dags/dag_film_digest.py                           1           0  0.14s           2026-03-03T14:26:32
================================================================================
[2026-03-03T14:27:12.885+0000] {manager.py:878} INFO - 
================================================================================
DAG File Processing Stats

File Path                             PID    Runtime      # DAGs    # Errors  Last Runtime    Last Run
------------------------------------  -----  ---------  --------  ----------  --------------  -------------------
/opt/airflow/dags/dag_film_digest.py                           1           0  0.24s           2026-03-03T14:27:02
================================================================================
[2026-03-03T14:27:43.195+0000] {manager.py:878} INFO - 
================================================================================
DAG File Processing Stats

File Path                             PID    Runtime      # DAGs    # Errors  Last Runtime    Last Run
------------------------------------  -----  ---------  --------  ----------  --------------  -------------------
/opt/airflow/dags/dag_film_digest.py                           1           0  0.14s           2026-03-03T14:27:33
================================================================================
[2026-03-03T14:28:13.533+0000] {manager.py:878} INFO - 
================================================================================
DAG File Processing Stats

File Path                             PID    Runtime      # DAGs    # Errors  Last Runtime    Last Run
------------------------------------  -----  ---------  --------  ----------  --------------  -------------------
/opt/airflow/dags/dag_film_digest.py                           1           0  0.13s           2026-03-03T14:28:03
================================================================================
[2026-03-03T14:28:43.821+0000] {manager.py:878} INFO - 
================================================================================
DAG File Processing Stats

File Path                             PID    Runtime      # DAGs    # Errors  Last Runtime    Last Run
------------------------------------  -----  ---------  --------  ----------  --------------  -------------------
/opt/airflow/dags/dag_film_digest.py                           1           0  0.11s           2026-03-03T14:28:33
================================================================================
[2026-03-03T14:28:58.971+0000] {manager.py:737} INFO - Searching for files in /opt/airflow/dags
[2026-03-03T14:28:58.973+0000] {manager.py:740} INFO - There are 1 files in /opt/airflow/dags
[2026-03-03T14:29:14.041+0000] {manager.py:878} INFO - 
================================================================================
DAG File Processing Stats

File Path                             PID    Runtime      # DAGs    # Errors  Last Runtime    Last Run
------------------------------------  -----  ---------  --------  ----------  --------------  -------------------
/opt/airflow/dags/dag_film_digest.py                           1           0  0.10s           2026-03-03T14:29:04
================================================================================
[2026-03-03T14:29:44.323+0000] {manager.py:878} INFO - 
================================================================================
DAG File Processing Stats

File Path                             PID    Runtime      # DAGs    # Errors  Last Runtime    Last Run
------------------------------------  -----  ---------  --------  ----------  --------------  -------------------
/opt/airflow/dags/dag_film_digest.py                           1           0  0.10s           2026-03-03T14:29:34
================================================================================
[2026-03-03T14:30:14.563+0000] {manager.py:878} INFO - 
================================================================================
DAG File Processing Stats

File Path                             PID    Runtime      # DAGs    # Errors  Last Runtime    Last Run
------------------------------------  -----  ---------  --------  ----------  --------------  -------------------
/opt/airflow/dags/dag_film_digest.py                           1           0  0.10s           2026-03-03T14:30:04
================================================================================
[2026-03-03T14:30:44.865+0000] {manager.py:878} INFO - 
================================================================================
DAG File Processing Stats

File Path                             PID    Runtime      # DAGs    # Errors  Last Runtime    Last Run
------------------------------------  -----  ---------  --------  ----------  --------------  -------------------
/opt/airflow/dags/dag_film_digest.py                           1           0  0.10s           2026-03-03T14:30:34
================================================================================
[2026-03-03T14:31:15.177+0000] {manager.py:878} INFO - 
================================================================================
DAG File Processing Stats

File Path                             PID    Runtime      # DAGs    # Errors  Last Runtime    Last Run
------------------------------------  -----  ---------  --------  ----------  --------------  -------------------
/opt/airflow/dags/dag_film_digest.py                           1           0  0.11s           2026-03-03T14:31:05
================================================================================
[2026-03-03T14:31:45.516+0000] {manager.py:878} INFO - 
================================================================================
DAG File Processing Stats

File Path                             PID    Runtime      # DAGs    # Errors  Last Runtime    Last Run
------------------------------------  -----  ---------  --------  ----------  --------------  -------------------
/opt/airflow/dags/dag_film_digest.py                           1           0  0.10s           2026-03-03T14:31:35
================================================================================
[2026-03-03T14:32:15.819+0000] {manager.py:878} INFO - 
================================================================================
DAG File Processing Stats

File Path                             PID    Runtime      # DAGs    # Errors  Last Runtime    Last Run
------------------------------------  -----  ---------  --------  ----------  --------------  -------------------
/opt/airflow/dags/dag_film_digest.py                           1           0  0.09s           2026-03-03T14:32:05
================================================================================
[2026-03-03T14:32:46.175+0000] {manager.py:878} INFO - 
================================================================================
DAG File Processing Stats

File Path                             PID    Runtime      # DAGs    # Errors  Last Runtime    Last Run
------------------------------------  -----  ---------  --------  ----------  --------------  -------------------
/opt/airflow/dags/dag_film_digest.py                           1           0  0.09s           2026-03-03T14:32:36
================================================================================
[2026-03-03T14:33:16.457+0000] {manager.py:878} INFO - 
================================================================================
DAG File Processing Stats

File Path                             PID    Runtime      # DAGs    # Errors  Last Runtime    Last Run
------------------------------------  -----  ---------  --------  ----------  --------------  -------------------
/opt/airflow/dags/dag_film_digest.py                           1           0  0.09s           2026-03-03T14:33:06
================================================================================
[2026-03-03T14:33:46.947+0000] {manager.py:878} INFO - 
================================================================================
DAG File Processing Stats

File Path                             PID    Runtime      # DAGs    # Errors  Last Runtime    Last Run
------------------------------------  -----  ---------  --------  ----------  --------------  -------------------
/opt/airflow/dags/dag_film_digest.py                           1           0  0.10s           2026-03-03T14:33:36
================================================================================
[2026-03-03T14:33:59.023+0000] {manager.py:737} INFO - Searching for files in /opt/airflow/dags
[2026-03-03T14:33:59.024+0000] {manager.py:740} INFO - There are 1 files in /opt/airflow/dags
[2026-03-03T14:34:17.266+0000] {manager.py:878} INFO - 
================================================================================
DAG File Processing Stats

File Path                             PID    Runtime      # DAGs    # Errors  Last Runtime    Last Run
------------------------------------  -----  ---------  --------  ----------  --------------  -------------------
/opt/airflow/dags/dag_film_digest.py                           1           0  0.10s           2026-03-03T14:34:07
================================================================================
[2026-03-03T14:34:47.636+0000] {manager.py:878} INFO - 
================================================================================
DAG File Processing Stats

File Path                             PID    Runtime      # DAGs    # Errors  Last Runtime    Last Run
------------------------------------  -----  ---------  --------  ----------  --------------  -------------------
/opt/airflow/dags/dag_film_digest.py                           1           0  0.09s           2026-03-03T14:34:37
================================================================================
[2026-03-03T14:35:17.967+0000] {manager.py:878} INFO - 
================================================================================
DAG File Processing Stats

File Path                             PID    Runtime      # DAGs    # Errors  Last Runtime    Last Run
------------------------------------  -----  ---------  --------  ----------  --------------  -------------------
/opt/airflow/dags/dag_film_digest.py                           1           0  0.09s           2026-03-03T14:35:07
================================================================================
[2026-03-03T14:35:48.315+0000] {manager.py:878} INFO - 
================================================================================
DAG File Processing Stats

File Path                             PID    Runtime      # DAGs    # Errors  Last Runtime    Last Run
------------------------------------  -----  ---------  --------  ----------  --------------  -------------------
/opt/airflow/dags/dag_film_digest.py                           1           0  0.10s           2026-03-03T14:35:38
================================================================================
[2026-03-03T14:36:18.634+0000] {manager.py:878} INFO - 
================================================================================
DAG File Processing Stats

File Path                             PID    Runtime      # DAGs    # Errors  Last Runtime    Last Run
------------------------------------  -----  ---------  --------  ----------  --------------  -------------------
/opt/airflow/dags/dag_film_digest.py                           1           0  0.10s           2026-03-03T14:36:08
================================================================================
[2026-03-03T16:18:57.347+0000] {manager.py:737} INFO - Searching for files in /opt/airflow/dags
[2026-03-03T16:18:57.349+0000] {manager.py:740} INFO - There are 1 files in /opt/airflow/dags
[2026-03-03T16:18:57.760+0000] {manager.py:878} INFO - 
================================================================================
DAG File Processing Stats

File Path                               PID  Runtime      # DAGs    # Errors  Last Runtime    Last Run
------------------------------------  -----  ---------  --------  ----------  --------------  -------------------
/opt/airflow/dags/dag_film_digest.py    338  0.06s             1           0  0.09s           2026-03-03T14:36:38
================================================================================
[2026-03-03T16:18:57.875+0000] {manager.py:452} INFO - Exiting gracefully upon receiving signal 15
[2026-03-03T16:18:57.886+0000] {manager.py:452} INFO - Exiting gracefully upon receiving signal 15
[2026-03-03T17:04:58.188+0000] {manager.py:470} INFO - Processing files using up to 2 processes at a time 
[2026-03-03T17:04:58.200+0000] {manager.py:471} INFO - Process each file at most once every 30 seconds
[2026-03-03T17:04:58.200+0000] {manager.py:472} INFO - Checking for new files in /opt/airflow/dags every 300 seconds
[2026-03-03T17:04:58.202+0000] {manager.py:737} INFO - Searching for files in /opt/airflow/dags
[2026-03-03T17:04:58.211+0000] {manager.py:740} INFO - There are 1 files in /opt/airflow/dags
[2026-03-03T17:04:58.613+0000] {manager.py:878} INFO - 
================================================================================
DAG File Processing Stats

File Path                               PID  Runtime      # DAGs    # Errors  Last Runtime    Last Run
------------------------------------  -----  ---------  --------  ----------  --------------  ----------
/opt/airflow/dags/dag_film_digest.py    345  0.10s             0           0
================================================================================
[2026-03-03T17:05:29.010+0000] {manager.py:878} INFO - 
================================================================================
DAG File Processing Stats

File Path                               PID  Runtime      # DAGs    # Errors  Last Runtime    Last Run
------------------------------------  -----  ---------  --------  ----------  --------------  -------------------
/opt/airflow/dags/dag_film_digest.py    350  0.00s             1           0  0.32s           2026-03-03T17:04:58
================================================================================
[2026-03-03T17:05:59.237+0000] {manager.py:878} INFO - 
================================================================================
DAG File Processing Stats

File Path                               PID  Runtime      # DAGs    # Errors  Last Runtime    Last Run
------------------------------------  -----  ---------  --------  ----------  --------------  -------------------
/opt/airflow/dags/dag_film_digest.py    355  0.00s             1           0  0.12s           2026-03-03T17:05:29
================================================================================
[2026-03-03T17:06:29.579+0000] {manager.py:878} INFO - 
================================================================================
DAG File Processing Stats

File Path                               PID  Runtime      # DAGs    # Errors  Last Runtime    Last Run
------------------------------------  -----  ---------  --------  ----------  --------------  -------------------
/opt/airflow/dags/dag_film_digest.py    360  0.00s             1           0  0.12s           2026-03-03T17:05:59
================================================================================
[2026-03-03T17:06:59.851+0000] {manager.py:878} INFO - 
================================================================================
DAG File Processing Stats

File Path                               PID  Runtime      # DAGs    # Errors  Last Runtime    Last Run
------------------------------------  -----  ---------  --------  ----------  --------------  -------------------
/opt/airflow/dags/dag_film_digest.py    365  0.00s             1           0  0.10s           2026-03-03T17:06:29
================================================================================
[2026-03-03T17:07:30.218+0000] {manager.py:878} INFO - 
================================================================================
DAG File Processing Stats

File Path                               PID  Runtime      # DAGs    # Errors  Last Runtime    Last Run
------------------------------------  -----  ---------  --------  ----------  --------------  -------------------
/opt/airflow/dags/dag_film_digest.py    370  0.01s             1           0  0.11s           2026-03-03T17:06:59
================================================================================
[2026-03-03T17:08:00.484+0000] {manager.py:878} INFO - 
================================================================================
DAG File Processing Stats

File Path                               PID  Runtime      # DAGs    # Errors  Last Runtime    Last Run
------------------------------------  -----  ---------  --------  ----------  --------------  -------------------
/opt/airflow/dags/dag_film_digest.py    375  0.00s             1           0  0.13s           2026-03-03T17:07:30
================================================================================
[2026-03-03T17:08:30.776+0000] {manager.py:878} INFO - 
================================================================================
DAG File Processing Stats

File Path                               PID  Runtime      # DAGs    # Errors  Last Runtime    Last Run
------------------------------------  -----  ---------  --------  ----------  --------------  -------------------
/opt/airflow/dags/dag_film_digest.py    380  0.00s             1           0  0.09s           2026-03-03T17:08:00
================================================================================
